timestamp,time_iso,block,y_true_original,y_true_filtered,cnn_pred_original,cnn_pred_filtered,mscnn_pred_original,mscnn_pred_filtered,rcf_pred_unsup,rcf_pred_normalprof
1765869604.3694026,2025-12-16 07:20:04,7,0,0,0,0,0,0,0,0
1765869616.5644228,2025-12-16 07:20:16,7,0,0,0,0,0,0,0,0
1765869628.7623444,2025-12-16 07:20:28,7,0,0,0,0,0,0,0,0
1765869640.9932735,2025-12-16 07:20:40,7,0,0,0,0,0,0,0,0
1765869653.1985364,2025-12-16 07:20:53,7,1,0,0,0,0,0,0,0
1765869665.4041984,2025-12-16 07:21:05,7,1,0,0,0,0,0,0,0
1765869677.629762,2025-12-16 07:21:17,7,1,0,0,0,0,0,0,0
1765869689.8406873,2025-12-16 07:21:29,7,1,0,0,0,0,0,0,0
1765869702.0996213,2025-12-16 07:21:42,7,0,0,0,0,0,0,0,0
1765869714.3082612,2025-12-16 07:21:54,7,1,0,0,0,0,0,0,0
1765869726.4963448,2025-12-16 07:22:06,7,0,0,0,0,0,0,0,0
1765869738.7155423,2025-12-16 07:22:18,7,1,0,0,0,0,0,0,0
1765869750.909698,2025-12-16 07:22:30,7,0,0,0,0,0,0,0,0
1765869763.1170807,2025-12-16 07:22:43,7,1,0,0,0,0,0,0,0
1765869775.324971,2025-12-16 07:22:55,7,1,0,0,0,0,0,0,0
1765869787.5171463,2025-12-16 07:23:07,7,0,0,0,0,0,0,0,0
1765869799.7322345,2025-12-16 07:23:19,7,0,0,0,0,0,0,0,0
1765869811.9409852,2025-12-16 07:23:31,7,1,0,0,0,0,0,0,0
1765869824.1885235,2025-12-16 07:23:44,7,1,0,0,0,0,0,0,0
1765869836.394259,2025-12-16 07:23:56,7,1,0,0,0,0,0,0,0
1765869848.5753434,2025-12-16 07:24:08,7,0,0,0,0,0,0,0,0
1765869860.7524538,2025-12-16 07:24:20,7,1,0,0,0,0,0,0,0
1765869872.9535246,2025-12-16 07:24:32,7,1,0,0,0,0,0,0,0
1765869885.1501446,2025-12-16 07:24:45,7,0,0,0,0,0,0,0,0
1765869897.350101,2025-12-16 07:24:57,7,1,0,0,0,0,0,0,0
1765869909.5488214,2025-12-16 07:25:09,7,0,0,0,0,0,0,0,0
1765869921.7817187,2025-12-16 07:25:21,7,0,0,0,0,0,0,0,0
1765869933.9512997,2025-12-16 07:25:33,7,0,0,0,0,0,0,0,0
1765869946.1405647,2025-12-16 07:25:46,7,1,0,0,0,0,0,0,0
1765869958.404061,2025-12-16 07:25:58,7,1,0,0,0,0,0,0,0
1765869970.594736,2025-12-16 07:26:10,7,0,0,0,0,0,0,0,0
1765869982.8329568,2025-12-16 07:26:22,7,0,0,0,0,0,0,0,0
1765869995.0272489,2025-12-16 07:26:35,7,1,0,0,0,0,0,0,0
1765870007.2067845,2025-12-16 07:26:47,7,0,0,0,0,0,0,0,0
1765870019.408754,2025-12-16 07:26:59,7,0,0,0,0,0,0,0,0
1765870031.6137934,2025-12-16 07:27:11,7,1,0,0,0,0,0,0,0
1765870043.8066354,2025-12-16 07:27:23,7,0,0,0,0,0,0,0,0
1765870056.0371845,2025-12-16 07:27:36,7,1,0,0,0,0,0,0,0
1765870068.283062,2025-12-16 07:27:48,7,1,0,0,0,0,0,0,0
1765870080.4981923,2025-12-16 07:28:00,7,1,0,0,0,0,0,0,0
1765870092.6931021,2025-12-16 07:28:12,7,1,0,0,0,0,0,0,0
1765870104.8779058,2025-12-16 07:28:24,7,1,0,0,0,0,0,0,0
1765870117.0590677,2025-12-16 07:28:37,7,1,0,0,0,0,0,0,0
1765870129.2704809,2025-12-16 07:28:49,7,1,0,0,0,0,0,0,0
1765870141.4877694,2025-12-16 07:29:01,7,0,0,0,0,0,0,0,0
1765870153.6916976,2025-12-16 07:29:13,7,0,0,0,0,0,0,0,0
1765870165.8603787,2025-12-16 07:29:25,7,0,0,0,0,0,0,0,0
1765870178.0575392,2025-12-16 07:29:38,7,1,0,0,0,0,0,0,0
1765870190.2752762,2025-12-16 07:29:50,7,1,0,0,0,0,0,0,0
1765870202.4661164,2025-12-16 07:30:02,7,0,0,0,0,0,0,0,0
1765870214.697662,2025-12-16 07:30:14,7,1,0,0,0,0,0,0,0
1765870226.887936,2025-12-16 07:30:26,7,1,0,0,0,0,0,0,0
1765870239.065809,2025-12-16 07:30:39,7,0,0,0,0,0,0,0,0
1765870251.2468407,2025-12-16 07:30:51,7,1,0,0,0,0,0,0,0
1765870263.4372976,2025-12-16 07:31:03,7,1,0,0,0,0,0,0,0
1765870275.6905153,2025-12-16 07:31:15,7,1,0,0,0,0,0,0,0
1765870287.904045,2025-12-16 07:31:27,7,0,0,0,0,0,0,0,0
1765870300.0916471,2025-12-16 07:31:40,7,1,0,0,0,0,0,0,0
1765870312.2784898,2025-12-16 07:31:52,7,0,0,0,0,0,0,0,0
1765870324.4805937,2025-12-16 07:32:04,7,0,0,0,0,0,0,0,0
1765870336.6652877,2025-12-16 07:32:16,7,1,0,0,0,0,0,0,0
1765870348.845924,2025-12-16 07:32:28,7,0,0,0,0,0,0,0,0
1765870361.0574372,2025-12-16 07:32:41,7,1,0,0,0,0,0,0,0
1765870373.268032,2025-12-16 07:32:53,7,1,0,0,0,0,0,0,0
1765870385.458977,2025-12-16 07:33:05,7,1,0,0,0,0,0,0,0
1765870397.6477606,2025-12-16 07:33:17,7,0,0,0,0,0,0,0,0
1765870409.868303,2025-12-16 07:33:29,7,0,0,0,0,0,0,0,0
1765870422.0736167,2025-12-16 07:33:42,7,1,0,0,0,0,0,0,0
1765870434.3094978,2025-12-16 07:33:54,7,0,0,0,0,0,0,0,0
1765870446.5557673,2025-12-16 07:34:06,7,1,0,0,0,0,0,0,0
1765870458.794393,2025-12-16 07:34:18,7,1,0,0,0,0,0,0,0
1765870471.0012934,2025-12-16 07:34:31,7,0,0,0,0,0,0,0,0
1765870483.222127,2025-12-16 07:34:43,7,1,0,0,0,0,0,0,0
1765870495.4233692,2025-12-16 07:34:55,7,0,0,0,0,0,0,0,0
1765870507.635741,2025-12-16 07:35:07,7,1,0,0,0,0,0,0,0
1765870519.8119547,2025-12-16 07:35:19,7,0,0,0,0,0,0,0,0
1765870532.0210843,2025-12-16 07:35:32,7,0,0,0,0,0,0,0,0
1765870544.228173,2025-12-16 07:35:44,7,1,0,0,0,0,0,0,0
1765870556.4237108,2025-12-16 07:35:56,7,1,0,0,0,0,0,0,0
1765870568.6020536,2025-12-16 07:36:08,7,0,0,0,0,0,0,0,0
1765870580.7902577,2025-12-16 07:36:20,7,0,0,0,0,0,0,0,0
1765870592.9954329,2025-12-16 07:36:32,7,0,0,0,0,0,0,0,0
1765870605.2041326,2025-12-16 07:36:45,7,0,0,0,0,0,0,0,0
1765870617.4081984,2025-12-16 07:36:57,7,0,0,0,0,0,0,0,0
1765870629.5939565,2025-12-16 07:37:09,7,0,0,0,0,0,0,0,0
1765870641.7721303,2025-12-16 07:37:21,7,0,0,0,0,0,0,0,0
1765870653.9743543,2025-12-16 07:37:33,7,0,0,0,0,0,0,0,0
1765870666.2062125,2025-12-16 07:37:46,7,1,0,0,0,0,0,0,0
1765870678.4273689,2025-12-16 07:37:58,7,1,0,0,0,0,0,0,0
1765870690.6240032,2025-12-16 07:38:10,7,1,0,0,0,0,0,0,0
1765870702.8163633,2025-12-16 07:38:22,7,0,0,0,0,0,0,0,0
1765870715.0426273,2025-12-16 07:38:35,7,0,0,0,0,0,0,0,0
1765870727.2354002,2025-12-16 07:38:47,7,0,0,0,0,0,0,0,0
1765870739.4381812,2025-12-16 07:38:59,7,0,0,0,0,0,0,0,0
1765870751.6314254,2025-12-16 07:39:11,7,0,0,0,0,0,0,0,0
1765870763.82473,2025-12-16 07:39:23,7,0,0,0,0,0,0,0,0
1765870775.9836917,2025-12-16 07:39:35,7,0,0,0,0,0,0,0,0
1765870788.193311,2025-12-16 07:39:48,7,1,0,0,0,0,0,0,0
1765870800.431589,2025-12-16 07:40:00,7,1,0,0,0,0,0,0,0
1765870812.6398926,2025-12-16 07:40:12,7,0,0,0,0,0,0,0,0
1765870824.8620946,2025-12-16 07:40:24,7,1,0,0,0,0,0,0,0
1765870837.0585072,2025-12-16 07:40:37,7,1,0,0,0,0,0,0,0
1765870849.266614,2025-12-16 07:40:49,7,0,0,0,0,0,0,0,0
1765870861.4733179,2025-12-16 07:41:01,7,0,0,0,0,0,0,0,0
1765870873.676293,2025-12-16 07:41:13,7,1,0,0,0,0,0,0,0
1765870885.8555024,2025-12-16 07:41:25,7,0,0,0,0,0,0,0,0
1765870898.07016,2025-12-16 07:41:38,7,0,0,0,0,0,0,0,0
1765870910.2721465,2025-12-16 07:41:50,7,0,0,0,0,0,0,0,0
1765870922.480753,2025-12-16 07:42:02,7,1,0,0,0,0,0,0,0
1765870934.6629155,2025-12-16 07:42:14,7,1,0,0,0,0,0,0,0
1765870946.885718,2025-12-16 07:42:26,7,0,0,0,0,0,0,0,0
1765870959.0965436,2025-12-16 07:42:39,7,1,0,0,0,0,0,0,0
1765870971.3247228,2025-12-16 07:42:51,7,0,0,0,0,0,0,0,0
1765870983.528253,2025-12-16 07:43:03,7,1,0,0,0,0,0,0,0
1765870995.7264953,2025-12-16 07:43:15,7,0,0,0,0,0,0,0,0
1765871007.93537,2025-12-16 07:43:27,7,1,0,0,0,0,0,0,0
1765871020.14832,2025-12-16 07:43:40,7,0,0,0,0,0,0,0,0
1765871032.355648,2025-12-16 07:43:52,7,0,0,0,0,0,0,0,0
1765871044.5568683,2025-12-16 07:44:04,7,0,0,0,0,0,0,0,0
1765871056.7520654,2025-12-16 07:44:16,7,1,0,0,0,0,0,0,0
1765871068.9346616,2025-12-16 07:44:28,7,0,0,0,0,0,0,0,0
1765871081.1407006,2025-12-16 07:44:41,7,1,0,0,0,0,0,0,0
1765871093.34305,2025-12-16 07:44:53,7,1,0,0,0,0,0,0,0
1765871105.5346816,2025-12-16 07:45:05,7,0,0,0,0,0,0,0,0
1765871117.726181,2025-12-16 07:45:17,7,1,0,0,0,0,0,0,0
1765871129.924529,2025-12-16 07:45:29,7,0,0,0,0,0,0,0,0
1765871142.1358047,2025-12-16 07:45:42,7,0,0,0,0,0,0,0,0
1765871154.338606,2025-12-16 07:45:54,7,1,0,0,0,0,0,0,0
1765871166.527856,2025-12-16 07:46:06,7,0,0,0,0,0,0,0,0
1765871178.7195225,2025-12-16 07:46:18,7,0,0,0,0,0,0,0,0
1765871190.9594383,2025-12-16 07:46:30,7,1,0,0,0,0,0,0,0
1765871203.1631806,2025-12-16 07:46:43,7,0,0,0,0,0,0,0,0
1765871215.3940537,2025-12-16 07:46:55,7,0,0,0,0,0,0,0,0
1765871227.592083,2025-12-16 07:47:07,7,1,0,0,0,0,0,0,0
1765871239.8143163,2025-12-16 07:47:19,7,0,0,0,0,0,0,0,0
1765871252.0168028,2025-12-16 07:47:32,7,1,0,0,0,0,0,0,0
1765871264.227983,2025-12-16 07:47:44,7,0,0,0,0,0,0,0,0
1765871276.421053,2025-12-16 07:47:56,7,0,0,0,0,0,0,0,0
1765871288.6117013,2025-12-16 07:48:08,7,1,0,0,0,0,0,0,0
1765871300.785455,2025-12-16 07:48:20,7,0,0,0,0,0,0,0,0
1765871313.0136724,2025-12-16 07:48:33,7,0,0,0,0,0,0,0,0
1765871325.2184892,2025-12-16 07:48:45,7,0,0,0,0,0,0,0,0
1765871337.4099455,2025-12-16 07:48:57,7,1,0,0,0,0,0,0,0
1765871349.606194,2025-12-16 07:49:09,7,1,0,0,0,0,0,0,0
1765871361.7991617,2025-12-16 07:49:21,7,0,0,0,0,0,0,0,0
1765871374.012658,2025-12-16 07:49:34,7,0,0,0,0,0,0,0,0
1765871386.2300167,2025-12-16 07:49:46,7,1,0,0,0,0,0,0,0
1765871398.4244983,2025-12-16 07:49:58,7,0,0,0,0,0,0,0,0
1765871410.61517,2025-12-16 07:50:10,7,0,0,0,0,0,0,0,0
1765871422.794317,2025-12-16 07:50:22,7,0,0,0,0,0,0,0,0
1765871435.0566947,2025-12-16 07:50:35,7,0,0,0,0,0,0,0,0
1765871447.288252,2025-12-16 07:50:47,7,0,0,0,0,0,0,0,0
1765871459.492241,2025-12-16 07:50:59,7,1,0,0,0,0,0,0,0
1765871471.6902428,2025-12-16 07:51:11,7,1,0,0,0,0,0,0,0
1765871483.8737583,2025-12-16 07:51:23,7,0,0,0,0,0,0,0,0
1765871496.066131,2025-12-16 07:51:36,7,1,0,0,0,0,0,0,0
1765871508.2709675,2025-12-16 07:51:48,7,0,0,0,0,0,0,0,0
1765871520.4638255,2025-12-16 07:52:00,7,1,0,0,0,0,0,0,0
1765871532.6614738,2025-12-16 07:52:12,7,1,0,0,0,0,0,0,0
1765871544.8848042,2025-12-16 07:52:24,7,1,0,0,0,0,0,0,0
1765871557.0948434,2025-12-16 07:52:37,7,1,0,0,0,0,0,0,0
1765871569.3018084,2025-12-16 07:52:49,7,1,0,0,0,0,0,0,0
1765871581.5070841,2025-12-16 07:53:01,7,1,0,0,0,0,0,0,0
1765871593.7240713,2025-12-16 07:53:13,7,1,0,0,0,0,0,0,0
1765871605.9302027,2025-12-16 07:53:25,7,0,0,0,0,0,0,0,0
1765871618.1405401,2025-12-16 07:53:38,7,1,0,0,0,0,0,0,0
1765871630.3470538,2025-12-16 07:53:50,7,0,0,0,0,0,0,0,0
1765871642.5801651,2025-12-16 07:54:02,7,0,0,0,0,0,0,0,0
1765871654.831427,2025-12-16 07:54:14,7,1,0,0,0,0,0,0,0
1765871667.0225482,2025-12-16 07:54:27,7,1,0,0,0,0,0,0,0
1765871679.229857,2025-12-16 07:54:39,7,0,0,0,0,0,0,0,0
1765871691.4409213,2025-12-16 07:54:51,7,0,0,0,0,0,0,0,0
1765871703.6327388,2025-12-16 07:55:03,7,0,0,0,0,0,0,0,0
1765871715.8160715,2025-12-16 07:55:15,7,1,0,0,0,0,0,0,0
1765871727.9855971,2025-12-16 07:55:27,7,1,0,0,0,0,0,0,0
1765871740.2250113,2025-12-16 07:55:40,7,0,0,0,0,0,0,0,0
1765871752.4845836,2025-12-16 07:55:52,7,0,0,0,0,0,0,0,0
1765871764.6950574,2025-12-16 07:56:04,7,1,0,0,0,0,0,0,0
1765871776.889427,2025-12-16 07:56:16,7,1,0,0,0,0,0,0,0
1765871789.0749156,2025-12-16 07:56:29,7,1,0,0,0,0,0,0,0
1765871801.2966797,2025-12-16 07:56:41,7,1,0,0,0,0,0,0,0
1765871813.4896624,2025-12-16 07:56:53,7,1,0,0,0,0,0,0,0
1765871825.6881356,2025-12-16 07:57:05,7,1,0,0,0,0,0,0,0
1765871837.8634775,2025-12-16 07:57:17,7,1,0,0,0,0,0,0,0
1765871850.0690317,2025-12-16 07:57:30,7,1,0,0,0,0,0,0,0
1765871862.2708888,2025-12-16 07:57:42,7,1,0,0,0,0,0,0,0
1765871874.4931777,2025-12-16 07:57:54,7,1,0,0,0,0,0,0,0
1765871886.6550124,2025-12-16 07:58:06,7,1,0,0,0,0,0,0,0
1765871898.8532763,2025-12-16 07:58:18,7,1,0,0,0,0,0,0,0
1765871911.0649803,2025-12-16 07:58:31,7,1,0,0,0,0,0,0,0
1765871923.2795403,2025-12-16 07:58:43,7,1,0,0,0,0,0,0,0
1765871935.4771802,2025-12-16 07:58:55,7,1,0,0,0,0,0,0,0
1765871947.69733,2025-12-16 07:59:07,7,1,0,0,0,0,0,0,0
1765871959.8551028,2025-12-16 07:59:19,7,1,0,0,0,0,0,0,0
1765871972.0592735,2025-12-16 07:59:32,7,1,0,0,0,0,0,0,0
1765871984.2655728,2025-12-16 07:59:44,7,0,0,0,0,0,0,0,0
1765871996.4955747,2025-12-16 07:59:56,7,0,0,0,0,0,0,0,0
1765872008.6659575,2025-12-16 08:00:08,7,0,0,0,0,0,0,0,0
1765872020.8547628,2025-12-16 08:00:20,7,1,0,0,0,0,0,0,0
1765872033.0332756,2025-12-16 08:00:33,7,0,0,0,0,0,0,0,0
1765872045.2668538,2025-12-16 08:00:45,7,0,0,0,0,0,0,0,0
1765872057.4734595,2025-12-16 08:00:57,7,0,0,0,0,0,0,0,0
1765872069.6690607,2025-12-16 08:01:09,7,0,0,0,0,0,0,0,0
1765872081.8494897,2025-12-16 08:01:21,7,0,0,0,0,0,0,0,0
1765872094.0396774,2025-12-16 08:01:34,7,1,0,0,0,0,0,0,0
1765872106.2064476,2025-12-16 08:01:46,7,1,0,0,0,0,0,0,0
1765872118.3836422,2025-12-16 08:01:58,7,0,0,0,0,0,0,0,0
1765872130.5478826,2025-12-16 08:02:10,7,0,0,0,0,0,0,0,0
1765872142.742469,2025-12-16 08:02:22,7,0,0,0,0,0,0,0,0
1765872154.9416716,2025-12-16 08:02:34,7,0,0,0,0,0,0,0,0
1765872167.1498375,2025-12-16 08:02:47,7,0,0,0,0,0,0,0,0
1765872179.3499417,2025-12-16 08:02:59,7,0,0,0,0,0,0,0,0
1765872191.5587032,2025-12-16 08:03:11,7,0,0,0,0,0,0,0,0
1765872203.7933176,2025-12-16 08:03:23,7,0,0,0,0,0,0,0,0
1765872216.0232913,2025-12-16 08:03:36,7,1,0,0,0,0,0,0,0
1765872228.2045078,2025-12-16 08:03:48,7,0,0,0,0,0,0,0,0
1765872240.4090147,2025-12-16 08:04:00,7,1,0,0,0,0,0,0,0
1765872252.6253724,2025-12-16 08:04:12,7,0,0,0,0,0,0,0,0
1765872264.8051455,2025-12-16 08:04:24,7,1,0,0,0,0,0,0,0
1765872277.0230272,2025-12-16 08:04:37,7,0,0,0,0,0,0,0,0
1765872289.2237196,2025-12-16 08:04:49,7,0,0,0,0,0,0,0,0
1765872301.4341986,2025-12-16 08:05:01,7,0,0,0,0,0,0,0,0
1765872313.639904,2025-12-16 08:05:13,7,0,0,0,0,0,0,0,0
1765872325.848654,2025-12-16 08:05:25,7,1,0,0,0,0,0,0,0
1765872338.0479784,2025-12-16 08:05:38,7,1,0,0,0,0,0,0,0
1765872350.2749043,2025-12-16 08:05:50,7,1,0,0,0,0,0,0,0
1765872362.4782965,2025-12-16 08:06:02,7,1,0,0,0,0,0,0,0
1765872374.685442,2025-12-16 08:06:14,7,0,0,0,0,0,0,0,0
1765872386.8865464,2025-12-16 08:06:26,7,1,0,0,0,0,0,0,0
1765872399.054645,2025-12-16 08:06:39,7,0,0,0,0,0,0,0,0
1765872411.2552154,2025-12-16 08:06:51,7,0,0,0,0,0,0,0,0
1765872423.4553373,2025-12-16 08:07:03,7,0,0,0,0,0,0,0,0
1765872435.6491625,2025-12-16 08:07:15,7,0,0,0,0,0,0,0,0
1765872447.9016168,2025-12-16 08:07:27,7,0,0,0,0,0,0,0,0
1765872460.1295629,2025-12-16 08:07:40,7,0,0,0,0,0,0,0,0
1765872472.3570473,2025-12-16 08:07:52,7,1,0,0,0,0,0,0,0
1765872484.5895214,2025-12-16 08:08:04,7,0,0,0,0,0,0,0,0
1765872496.78495,2025-12-16 08:08:16,7,0,0,0,0,0,0,0,0
1765872508.982442,2025-12-16 08:08:28,7,0,0,0,0,0,0,0,0
1765872521.2065454,2025-12-16 08:08:41,7,1,0,0,0,0,0,0,0
1765872533.3958013,2025-12-16 08:08:53,7,1,0,0,0,0,0,0,0
1765872545.5910003,2025-12-16 08:09:05,7,0,0,0,0,0,0,0,0
1765872557.7910242,2025-12-16 08:09:17,7,0,0,0,0,0,0,0,0
1765872570.0142486,2025-12-16 08:09:30,7,0,0,0,0,0,0,0,0
1765872582.2119749,2025-12-16 08:09:42,7,0,0,0,0,0,0,0,0
1765872594.438638,2025-12-16 08:09:54,7,0,0,0,0,0,0,0,0
1765872606.6160617,2025-12-16 08:10:06,7,0,0,0,0,0,0,0,0
1765872618.820935,2025-12-16 08:10:18,7,0,0,0,0,0,0,0,0
1765872631.0441723,2025-12-16 08:10:31,7,0,0,0,0,0,0,0,0
1765872643.2519844,2025-12-16 08:10:43,7,0,0,0,0,0,0,0,0
1765872655.5145147,2025-12-16 08:10:55,7,1,0,0,0,0,0,0,0
1765872667.7176628,2025-12-16 08:11:07,7,1,0,0,0,0,0,0,0
1765872679.9162219,2025-12-16 08:11:19,7,1,0,0,0,0,0,0,0
1765872692.1235683,2025-12-16 08:11:32,7,0,0,0,0,0,0,0,0
1765872704.3337376,2025-12-16 08:11:44,7,0,0,0,0,0,0,0,0
1765872716.582175,2025-12-16 08:11:56,7,0,0,0,0,0,0,0,0
1765872728.7783818,2025-12-16 08:12:08,7,1,0,0,0,0,0,0,0
1765872740.9670453,2025-12-16 08:12:20,7,1,0,0,0,0,0,0,0
1765872753.1863532,2025-12-16 08:12:33,7,0,0,0,0,0,0,0,0
1765872765.4044747,2025-12-16 08:12:45,7,1,0,0,0,0,0,0,0
1765872777.5851533,2025-12-16 08:12:57,7,1,0,0,0,0,0,0,0
1765872789.7929878,2025-12-16 08:13:09,7,0,0,0,0,0,0,0,0
1765872801.9583895,2025-12-16 08:13:21,7,1,0,0,0,0,0,0,0
1765872814.1642685,2025-12-16 08:13:34,7,0,0,0,0,0,0,0,0
1765872826.3523657,2025-12-16 08:13:46,7,0,0,0,0,0,0,0,0
1765872838.5548654,2025-12-16 08:13:58,7,0,0,0,0,0,0,0,0
1765872850.7555141,2025-12-16 08:14:10,7,0,0,0,0,0,0,0,0
1765872862.9161522,2025-12-16 08:14:22,7,1,0,0,0,0,0,0,0
1765872875.1389089,2025-12-16 08:14:35,7,1,0,0,0,0,0,0,0
1765872887.3310852,2025-12-16 08:14:47,7,1,0,0,0,0,0,0,0
1765872899.49598,2025-12-16 08:14:59,7,1,0,0,0,0,0,0,0
1765872911.6889112,2025-12-16 08:15:11,7,1,0,0,0,0,0,0,0
1765872923.8846834,2025-12-16 08:15:23,7,1,0,0,0,0,0,0,0
1765872936.1037135,2025-12-16 08:15:36,7,1,0,0,0,0,0,0,0
1765872948.3365777,2025-12-16 08:15:48,7,1,0,0,0,0,0,0,0
1765872960.5567782,2025-12-16 08:16:00,7,1,0,0,0,0,0,0,0
1765872972.761014,2025-12-16 08:16:12,7,1,0,0,0,0,0,0,0
1765872984.959086,2025-12-16 08:16:24,7,0,0,0,0,0,0,0,0
1765872997.180776,2025-12-16 08:16:37,7,0,0,0,0,0,0,0,0
1765873009.409204,2025-12-16 08:16:49,7,0,0,0,0,0,0,0,0
1765873021.5981796,2025-12-16 08:17:01,7,1,0,0,0,0,0,0,0
1765873033.8466609,2025-12-16 08:17:13,7,0,0,0,0,0,0,0,0
1765873046.0510728,2025-12-16 08:17:26,7,1,0,0,0,0,0,0,0
1765873058.2616577,2025-12-16 08:17:38,7,0,0,0,0,0,0,0,0
1765873070.4509656,2025-12-16 08:17:50,7,0,0,0,0,0,0,0,0
1765873082.6627798,2025-12-16 08:18:02,7,0,0,0,0,0,0,0,0
1765873094.866142,2025-12-16 08:18:14,7,0,0,0,0,0,0,0,0
1765873107.0541153,2025-12-16 08:18:27,7,0,0,0,0,0,0,0,0
1765873119.2623177,2025-12-16 08:18:39,7,1,0,0,0,0,0,0,0
1765873131.4741564,2025-12-16 08:18:51,7,0,0,0,0,0,0,0,0
1765873143.6865342,2025-12-16 08:19:03,7,0,0,0,0,0,0,0,0
1765873155.904106,2025-12-16 08:19:15,7,1,0,0,0,0,0,0,0
1765873168.1398265,2025-12-16 08:19:28,7,1,0,0,0,0,0,0,0
1765873180.351864,2025-12-16 08:19:40,7,0,0,0,0,0,0,0,0
1765873192.5692344,2025-12-16 08:19:52,7,1,0,0,0,0,0,0,0
1765873204.7859483,2025-12-16 08:20:04,7,1,0,0,0,0,0,0,0
1765873217.0020366,2025-12-16 08:20:17,7,1,0,0,0,0,0,0,0
1765873229.2096665,2025-12-16 08:20:29,7,0,0,0,0,0,0,0,0
1765873241.4101882,2025-12-16 08:20:41,7,0,0,0,0,0,0,0,0
1765873253.6105373,2025-12-16 08:20:53,7,1,0,0,0,0,0,0,0
1765873265.8716173,2025-12-16 08:21:05,7,1,0,0,0,0,0,0,0
1765873278.1071162,2025-12-16 08:21:18,7,1,0,0,0,0,0,0,0
1765873290.3190506,2025-12-16 08:21:30,7,0,0,0,0,0,0,0,0
1765873302.5114381,2025-12-16 08:21:42,7,0,0,0,0,0,0,0,0
1765873314.7127273,2025-12-16 08:21:54,7,0,0,0,0,0,0,0,0
1765873326.951151,2025-12-16 08:22:06,7,1,0,0,0,0,0,0,0
1765873339.1268203,2025-12-16 08:22:19,7,0,0,0,0,0,0,0,0
1765873351.3255925,2025-12-16 08:22:31,7,0,0,0,0,0,0,0,0
1765873363.5079472,2025-12-16 08:22:43,7,1,0,0,0,0,0,0,0
1765873375.6811712,2025-12-16 08:22:55,7,1,0,0,0,0,0,0,0
1765873387.8778157,2025-12-16 08:23:07,7,0,0,0,0,0,0,0,0
1765873400.0580218,2025-12-16 08:23:20,7,0,0,0,0,0,0,0,0
1765873412.2535558,2025-12-16 08:23:32,7,1,0,0,0,0,0,0,0
1765873424.4494126,2025-12-16 08:23:44,7,0,0,0,0,0,0,0,0
1765873436.6444864,2025-12-16 08:23:56,7,0,0,0,0,0,0,0,0
1765873448.8339334,2025-12-16 08:24:08,7,0,0,0,0,0,0,0,0
1765873461.0186665,2025-12-16 08:24:21,7,0,0,0,0,0,0,0,0
1765873473.2238863,2025-12-16 08:24:33,7,0,0,0,0,0,0,0,0
1765873485.4145637,2025-12-16 08:24:45,7,1,0,0,0,0,0,0,0
1765873497.6048577,2025-12-16 08:24:57,7,0,0,0,0,0,0,0,0
1765873509.8129086,2025-12-16 08:25:09,7,0,0,0,0,0,0,0,0
1765873522.0170653,2025-12-16 08:25:22,7,0,0,0,0,0,0,0,0
1765873534.2237744,2025-12-16 08:25:34,7,0,0,0,0,0,0,0,0
1765873546.4353652,2025-12-16 08:25:46,7,1,0,0,0,0,0,0,0
1765873558.6261334,2025-12-16 08:25:58,7,1,0,0,0,0,0,0,0
1765873570.8302145,2025-12-16 08:26:10,7,0,0,0,0,0,0,0,0
1765873583.006635,2025-12-16 08:26:23,7,0,0,0,0,0,0,0,0
1765873595.2158492,2025-12-16 08:26:35,7,0,0,0,0,0,0,0,0
1765873607.4131918,2025-12-16 08:26:47,7,1,0,0,0,0,0,0,0
1765873619.6165688,2025-12-16 08:26:59,7,0,0,0,0,0,0,0,0
1765873631.8202198,2025-12-16 08:27:11,7,0,0,0,0,0,0,1,0
1765873644.049637,2025-12-16 08:27:24,7,1,0,0,0,0,0,0,0
1765873656.265724,2025-12-16 08:27:36,7,0,0,0,0,0,0,0,0
1765873668.4838622,2025-12-16 08:27:48,7,1,0,0,0,0,0,1,0
1765873680.6901853,2025-12-16 08:28:00,7,0,0,0,0,0,0,0,0
1765873692.9010663,2025-12-16 08:28:12,7,1,0,0,0,0,0,0,0
1765873705.0823781,2025-12-16 08:28:25,7,0,0,0,0,0,0,0,0
1765873717.2899132,2025-12-16 08:28:37,7,0,0,0,0,0,0,0,0
1765873729.4691277,2025-12-16 08:28:49,7,1,0,0,0,0,0,0,0
1765873741.6729884,2025-12-16 08:29:01,7,1,0,0,0,0,0,0,0
1765873753.8736475,2025-12-16 08:29:13,7,0,0,0,0,0,0,0,0
1765873766.0369911,2025-12-16 08:29:26,7,0,0,0,0,0,0,0,0
1765873778.2378938,2025-12-16 08:29:38,7,0,0,0,0,0,0,0,0
1765873790.426232,2025-12-16 08:29:50,7,0,0,0,0,0,0,0,0
1765873802.6045575,2025-12-16 08:30:02,7,0,0,0,0,0,0,0,0
1765873814.7867475,2025-12-16 08:30:14,7,0,0,0,0,0,0,0,0
1765873826.9790444,2025-12-16 08:30:26,7,0,0,0,0,0,0,0,0
1765873839.147772,2025-12-16 08:30:39,7,1,0,0,0,0,0,0,0
1765873851.3308342,2025-12-16 08:30:51,7,0,0,0,0,0,0,0,0
1765873863.5160456,2025-12-16 08:31:03,7,0,0,0,0,0,0,0,0
1765873875.7578375,2025-12-16 08:31:15,7,0,0,0,0,0,0,1,0
1765873887.9821725,2025-12-16 08:31:27,7,0,0,0,0,0,0,0,0
1765873900.156496,2025-12-16 08:31:40,7,0,0,0,0,0,0,0,0
1765873912.332368,2025-12-16 08:31:52,7,0,0,0,0,0,0,0,0
1765873924.496719,2025-12-16 08:32:04,7,1,0,0,0,0,0,0,0
1765873936.725068,2025-12-16 08:32:16,7,0,0,0,0,0,0,0,0
1765873948.9243543,2025-12-16 08:32:28,7,1,0,0,0,0,0,0,0
1765873961.138463,2025-12-16 08:32:41,7,0,0,0,0,0,0,0,0
1765873973.3532095,2025-12-16 08:32:53,7,1,0,0,0,0,0,0,0
1765873985.5417223,2025-12-16 08:33:05,7,1,0,0,0,0,0,0,0
1765873997.7566025,2025-12-16 08:33:17,7,1,0,0,0,0,0,0,0
1765874009.9788814,2025-12-16 08:33:29,7,0,0,0,0,0,0,0,0
1765874022.1892722,2025-12-16 08:33:42,7,1,0,0,0,0,0,0,0
1765874034.393879,2025-12-16 08:33:54,7,0,0,0,0,0,0,0,0
1765874046.5942013,2025-12-16 08:34:06,7,0,0,0,0,0,0,0,0
1765874058.8016322,2025-12-16 08:34:18,7,0,0,0,0,0,0,0,0
1765874071.0148256,2025-12-16 08:34:31,7,1,0,0,0,0,0,0,0
1765874083.2206988,2025-12-16 08:34:43,7,0,0,0,0,0,0,0,0
1765874095.4264202,2025-12-16 08:34:55,7,0,0,0,0,0,0,0,0
1765874107.6279411,2025-12-16 08:35:07,7,1,0,0,0,0,0,0,0
1765874119.8446605,2025-12-16 08:35:19,7,0,0,0,0,0,0,0,0
1765874132.0527906,2025-12-16 08:35:32,7,1,0,0,0,0,0,0,0
1765874144.2621372,2025-12-16 08:35:44,7,1,0,0,0,0,0,0,0
1765874156.4637077,2025-12-16 08:35:56,7,1,0,0,0,0,0,1,0
1765874168.6381536,2025-12-16 08:36:08,7,1,0,0,0,0,0,0,0
1765874180.8257117,2025-12-16 08:36:20,7,0,0,0,0,0,0,0,0
1765874193.0307875,2025-12-16 08:36:33,7,1,0,0,0,0,0,0,0
1765874205.2397237,2025-12-16 08:36:45,7,0,0,0,0,0,0,0,0
1765874217.429785,2025-12-16 08:36:57,7,0,0,0,0,0,0,0,0
1765874229.6098723,2025-12-16 08:37:09,7,1,0,0,0,0,0,0,0
1765874241.8267846,2025-12-16 08:37:21,7,0,0,0,0,0,0,0,0
1765874254.051622,2025-12-16 08:37:34,7,1,0,0,0,0,0,0,0
1765874266.2717726,2025-12-16 08:37:46,7,0,0,0,0,0,0,0,0
1765874278.4720783,2025-12-16 08:37:58,7,1,0,0,0,0,0,1,0
1765874290.6690893,2025-12-16 08:38:10,7,0,0,0,0,0,0,1,0
1765874302.8206956,2025-12-16 08:38:22,7,1,0,0,0,0,0,1,0
1765874315.0212162,2025-12-16 08:38:35,7,1,0,0,0,0,0,1,0
1765874327.2083533,2025-12-16 08:38:47,7,0,0,0,0,0,0,1,0
1765874339.4347458,2025-12-16 08:38:59,7,0,0,0,0,0,0,0,0
1765874351.613774,2025-12-16 08:39:11,7,1,0,0,0,0,0,1,0
1765874363.804786,2025-12-16 08:39:23,7,0,0,0,0,0,0,1,0
1765874376.0093138,2025-12-16 08:39:36,7,0,0,0,0,0,0,1,0
1765874388.2167857,2025-12-16 08:39:48,7,0,0,0,0,0,0,1,0
1765874400.4159992,2025-12-16 08:40:00,7,0,0,0,0,0,0,1,0
1765874412.6457248,2025-12-16 08:40:12,7,1,0,0,0,0,0,0,0
1765874424.827457,2025-12-16 08:40:24,7,1,0,0,0,0,0,1,0
1765874437.03456,2025-12-16 08:40:37,7,0,0,0,0,0,0,1,0
1765874449.2254465,2025-12-16 08:40:49,7,1,0,0,0,0,0,1,0
1765874461.4264505,2025-12-16 08:41:01,7,0,0,0,0,0,0,1,0
1765874473.6221187,2025-12-16 08:41:13,7,1,0,0,0,0,0,1,0
1765874485.8463032,2025-12-16 08:41:25,7,0,0,0,0,0,0,1,0
1765874498.0535288,2025-12-16 08:41:38,7,0,0,0,0,0,0,1,0
1765874510.230626,2025-12-16 08:41:50,7,1,0,0,0,0,0,1,0
1765874522.4361906,2025-12-16 08:42:02,7,0,0,0,0,0,0,1,0
1765874534.643607,2025-12-16 08:42:14,7,0,0,0,0,0,0,1,0
1765874546.829202,2025-12-16 08:42:26,7,0,0,0,0,0,0,1,0
1765874559.030911,2025-12-16 08:42:39,7,0,0,0,0,0,0,1,0
1765874571.2345462,2025-12-16 08:42:51,7,0,0,0,0,0,0,1,0
1765874583.4455004,2025-12-16 08:43:03,7,1,0,0,0,0,0,1,0
1765874595.6554353,2025-12-16 08:43:15,7,1,0,0,0,0,0,1,0
1765874607.84291,2025-12-16 08:43:27,7,0,0,0,0,0,0,1,0
1765874620.0273287,2025-12-16 08:43:40,7,0,0,0,0,0,0,1,0
1765874632.249842,2025-12-16 08:43:52,7,1,0,0,0,0,0,1,0
1765874644.4562516,2025-12-16 08:44:04,7,1,0,0,0,0,0,1,0
1765874656.665712,2025-12-16 08:44:16,7,1,0,0,0,0,0,1,0
1765874668.854591,2025-12-16 08:44:28,7,0,0,0,0,0,0,1,0
1765874681.0436747,2025-12-16 08:44:41,7,1,0,0,0,0,0,1,0
1765874693.2441487,2025-12-16 08:44:53,7,1,0,0,0,0,0,1,0
1765874705.4486022,2025-12-16 08:45:05,7,1,0,0,0,0,0,1,0
1765874717.643907,2025-12-16 08:45:17,7,1,0,0,0,0,0,1,0
1765874729.804982,2025-12-16 08:45:29,7,1,0,0,0,0,0,1,0
1765874742.0065742,2025-12-16 08:45:42,7,1,0,0,0,0,0,1,0
1765874754.2277224,2025-12-16 08:45:54,7,1,0,0,0,0,0,1,0
1765874766.424678,2025-12-16 08:46:06,7,1,0,0,0,0,0,1,0
1765874778.595616,2025-12-16 08:46:18,7,1,0,0,0,0,0,1,0
1765874790.8189561,2025-12-16 08:46:30,7,1,0,0,0,0,0,1,0
1765874803.0125322,2025-12-16 08:46:43,7,1,0,0,0,0,0,1,0
1765874815.269494,2025-12-16 08:46:55,7,1,0,0,0,0,0,1,0
1765874827.4694118,2025-12-16 08:47:07,7,1,0,0,0,0,0,1,0
1765874839.649645,2025-12-16 08:47:19,7,1,0,0,0,0,0,1,0
1765874851.8601813,2025-12-16 08:47:31,7,1,0,0,0,0,0,1,0
1765874864.04321,2025-12-16 08:47:44,7,1,0,0,0,0,0,1,0
1765874876.2420206,2025-12-16 08:47:56,7,1,0,0,0,0,0,1,0
1765874888.469371,2025-12-16 08:48:08,7,1,0,0,0,0,0,1,0
1765874900.669926,2025-12-16 08:48:20,7,1,0,0,0,0,0,1,0
1765874912.9107301,2025-12-16 08:48:32,7,1,0,0,0,0,0,1,0
1765874925.1576743,2025-12-16 08:48:45,7,1,0,0,0,0,0,1,0
1765874937.3696167,2025-12-16 08:48:57,7,0,0,0,0,0,0,1,0
1765874949.5700977,2025-12-16 08:49:09,7,0,0,0,0,0,0,1,0
1765874961.7503972,2025-12-16 08:49:21,7,1,0,0,0,0,0,1,0
1765874973.9592652,2025-12-16 08:49:33,7,0,0,0,0,0,0,1,0
1765874986.1680896,2025-12-16 08:49:46,7,0,0,0,0,0,0,1,0
1765874998.3842123,2025-12-16 08:49:58,7,0,0,0,0,0,0,1,0
1765875010.580527,2025-12-16 08:50:10,7,1,0,0,0,0,0,1,0
1765875022.7553258,2025-12-16 08:50:22,7,0,0,0,0,0,0,1,0
1765875034.9638014,2025-12-16 08:50:34,7,1,0,0,0,0,0,1,0
1765875047.1643314,2025-12-16 08:50:47,7,0,0,0,0,0,0,1,0
1765875059.3553162,2025-12-16 08:50:59,7,0,0,0,0,0,0,1,0
1765875071.542752,2025-12-16 08:51:11,7,0,0,0,0,0,0,1,0
1765875083.7001827,2025-12-16 08:51:23,7,1,0,0,0,0,0,1,0
1765875095.9785562,2025-12-16 08:51:35,7,1,0,0,0,0,0,1,0
1765875108.1952453,2025-12-16 08:51:48,7,1,0,0,0,0,0,1,0
1765875120.3726606,2025-12-16 08:52:00,7,0,0,0,0,0,0,1,0
1765875132.5929935,2025-12-16 08:52:12,7,0,0,0,0,0,0,1,0
1765875144.7536726,2025-12-16 08:52:24,7,1,0,0,0,0,0,1,0
1765875156.9299858,2025-12-16 08:52:36,7,1,0,0,0,0,0,1,0
1765875169.12684,2025-12-16 08:52:49,7,1,0,0,0,0,0,1,0
1765875181.3083375,2025-12-16 08:53:01,7,0,0,0,0,0,0,1,0
1765875193.518352,2025-12-16 08:53:13,7,0,0,0,0,0,0,1,0
1765875205.7112143,2025-12-16 08:53:25,7,0,0,0,0,0,0,1,0
1765875217.927152,2025-12-16 08:53:37,7,0,0,0,0,0,0,1,0
1765875230.1228778,2025-12-16 08:53:50,7,1,0,0,0,0,0,1,0
1765875242.2879038,2025-12-16 08:54:02,7,0,0,0,0,0,0,1,0
1765875254.494553,2025-12-16 08:54:14,7,0,0,0,0,0,0,1,0
1765875266.6966424,2025-12-16 08:54:26,7,1,0,0,0,0,0,1,0
1765875278.906424,2025-12-16 08:54:38,7,0,0,0,0,0,0,1,0
1765875291.1239243,2025-12-16 08:54:51,7,0,0,0,0,0,0,1,0
1765875303.3438199,2025-12-16 08:55:03,7,1,0,0,0,0,0,1,0
1765875315.606689,2025-12-16 08:55:15,7,1,0,0,0,0,0,1,0
1765875327.817673,2025-12-16 08:55:27,7,0,0,0,0,0,0,1,0
1765875340.022644,2025-12-16 08:55:40,7,0,0,0,0,0,0,1,0
1765875352.2765214,2025-12-16 08:55:52,7,0,0,0,0,0,0,1,0
1765875364.482111,2025-12-16 08:56:04,7,0,0,0,0,0,0,1,0
1765875376.671803,2025-12-16 08:56:16,7,1,0,0,0,0,0,1,0
1765875388.8758194,2025-12-16 08:56:28,7,1,0,0,0,0,0,1,0
1765875401.0974464,2025-12-16 08:56:41,7,1,0,0,0,0,0,1,0
1765875413.3075862,2025-12-16 08:56:53,7,0,0,0,0,0,0,1,0
1765875425.4990067,2025-12-16 08:57:05,7,0,0,0,0,0,0,1,0
1765875437.7193806,2025-12-16 08:57:17,7,0,0,0,0,0,0,1,0
1765875449.9259927,2025-12-16 08:57:29,7,0,0,0,0,0,0,1,0
1765875462.131376,2025-12-16 08:57:42,7,1,0,0,0,0,0,1,0
1765875474.3491526,2025-12-16 08:57:54,7,1,0,0,0,0,0,1,0
1765875486.5468712,2025-12-16 08:58:06,7,0,0,0,0,0,0,1,0
1765875498.7355044,2025-12-16 08:58:18,7,0,0,0,0,0,0,1,0
1765875510.9382567,2025-12-16 08:58:30,7,0,0,0,0,0,0,1,0
1765875523.1334407,2025-12-16 08:58:43,7,0,0,0,0,0,0,1,0
1765875535.344373,2025-12-16 08:58:55,7,0,0,0,0,0,0,1,0
1765875547.516547,2025-12-16 08:59:07,7,1,0,0,0,0,0,1,0
1765875559.699687,2025-12-16 08:59:19,7,0,0,0,0,0,0,1,0
1765875571.9112306,2025-12-16 08:59:31,7,1,0,0,0,0,0,1,0
1765875584.1215322,2025-12-16 08:59:44,7,1,0,0,0,0,0,1,0
1765875596.329693,2025-12-16 08:59:56,7,1,0,0,0,0,0,1,0
1765875608.5255415,2025-12-16 09:00:08,7,0,0,0,0,0,0,1,0
1765875620.7104487,2025-12-16 09:00:20,7,1,0,0,0,0,0,1,0
1765875632.89327,2025-12-16 09:00:32,7,0,0,0,0,0,0,1,0
1765875645.0834084,2025-12-16 09:00:45,7,1,0,0,0,0,0,1,0
1765875657.2848709,2025-12-16 09:00:57,7,1,0,0,0,0,0,1,0
1765875669.466036,2025-12-16 09:01:09,7,0,0,0,0,0,0,1,0
1765875681.6475978,2025-12-16 09:01:21,7,1,0,0,0,0,0,1,0
1765875693.8542387,2025-12-16 09:01:33,7,0,0,0,0,0,0,1,0
1765875706.0893805,2025-12-16 09:01:46,7,0,0,0,0,0,0,1,0
1765875718.274745,2025-12-16 09:01:58,7,1,0,0,0,0,0,1,0
1765875730.4763334,2025-12-16 09:02:10,7,0,0,0,0,0,0,1,0
1765875742.6718657,2025-12-16 09:02:22,7,1,0,0,0,0,0,1,0
1765875754.8906927,2025-12-16 09:02:34,7,1,0,0,0,0,0,1,0
1765875767.097282,2025-12-16 09:02:47,7,1,0,0,0,0,0,1,0
1765875779.3192947,2025-12-16 09:02:59,7,0,0,0,0,0,0,1,0
1765875791.5129719,2025-12-16 09:03:11,7,0,0,0,0,0,0,1,0
1765875803.703154,2025-12-16 09:03:23,7,0,0,0,0,0,0,1,0
1765875815.9114404,2025-12-16 09:03:35,7,1,0,0,0,0,0,1,0
1765875828.122298,2025-12-16 09:03:48,7,1,0,0,0,0,0,1,0
1765875840.3296027,2025-12-16 09:04:00,7,1,0,0,0,0,0,1,0
1765875852.531097,2025-12-16 09:04:12,7,1,0,0,0,0,0,1,0
1765875864.7093766,2025-12-16 09:04:24,7,1,0,0,0,0,0,1,0
1765875876.9254994,2025-12-16 09:04:36,7,1,0,0,0,0,0,1,0
1765875889.109654,2025-12-16 09:04:49,7,1,0,0,0,0,0,1,0
1765875901.308966,2025-12-16 09:05:01,7,1,0,0,0,0,0,1,0
1765875913.5186803,2025-12-16 09:05:13,7,1,0,0,0,0,0,1,0
1765875925.7305372,2025-12-16 09:05:25,7,1,0,0,0,0,0,1,0
1765875937.9297366,2025-12-16 09:05:37,7,1,0,0,0,0,0,1,0
1765875950.123554,2025-12-16 09:05:50,7,1,0,0,0,0,0,1,0
1765875962.3579164,2025-12-16 09:06:02,7,1,0,0,0,0,0,1,0
1765875974.5571938,2025-12-16 09:06:14,7,1,0,0,0,0,0,1,0
1765875986.7576523,2025-12-16 09:06:26,7,1,0,0,0,0,0,1,0
1765875998.9733691,2025-12-16 09:06:38,7,1,0,0,0,0,0,1,0
1765876011.1664631,2025-12-16 09:06:51,7,1,0,0,0,0,0,1,0
1765876023.3678987,2025-12-16 09:07:03,7,1,0,0,0,0,0,1,0
1765876035.5745442,2025-12-16 09:07:15,7,1,0,0,0,0,0,1,0
1765876047.7676907,2025-12-16 09:07:27,7,1,0,0,0,0,0,1,0
1765876059.965258,2025-12-16 09:07:39,7,1,0,0,0,0,0,1,0
1765876072.1530554,2025-12-16 09:07:52,7,1,0,0,0,0,0,1,0
1765876084.4166636,2025-12-16 09:08:04,7,1,0,0,0,0,0,1,0
1765876096.6122546,2025-12-16 09:08:16,7,1,0,0,0,0,0,1,0
1765876108.7973256,2025-12-16 09:08:28,7,1,0,0,0,0,0,1,0
1765876121.014195,2025-12-16 09:08:41,7,1,0,0,0,0,0,1,0
1765876133.2163663,2025-12-16 09:08:53,7,1,0,0,0,0,0,1,0
1765876145.4239078,2025-12-16 09:09:05,7,1,0,0,0,0,0,1,0
1765876157.6456945,2025-12-16 09:09:17,7,1,0,0,0,0,0,1,0
1765876169.8444674,2025-12-16 09:09:29,7,1,0,0,0,0,0,1,0
1765876182.0578322,2025-12-16 09:09:42,7,0,0,0,0,0,0,1,1
1765876194.2748497,2025-12-16 09:09:54,7,0,0,0,1,0,0,1,1
1765876206.4897935,2025-12-16 09:10:06,7,0,0,0,1,0,0,1,1
1765876218.6867497,2025-12-16 09:10:18,7,0,0,0,1,0,0,1,1
1765876230.9014127,2025-12-16 09:10:30,7,0,0,0,1,0,0,1,1
1765876243.0790167,2025-12-16 09:10:43,7,0,0,0,1,0,0,1,1
1765876255.319524,2025-12-16 09:10:55,7,0,0,0,1,0,0,1,1
1765876267.5152059,2025-12-16 09:11:07,7,0,0,0,1,0,0,1,1
1765876279.715513,2025-12-16 09:11:19,7,0,0,0,1,0,0,1,1
1765876291.92832,2025-12-16 09:11:31,7,0,0,0,1,0,0,1,1
1765876304.1412492,2025-12-16 09:11:44,7,0,0,0,1,0,0,1,1
1765876316.4765666,2025-12-16 09:11:56,7,0,0,0,1,0,0,1,1
1765876328.6820455,2025-12-16 09:12:08,7,0,0,0,1,0,0,1,1
1765876340.886845,2025-12-16 09:12:20,7,0,0,0,1,0,0,1,1
1765876353.08609,2025-12-16 09:12:33,7,0,0,0,1,0,0,1,1
1765876365.2894316,2025-12-16 09:12:45,7,0,0,0,1,0,0,1,1
1765876377.5086486,2025-12-16 09:12:57,7,0,0,0,1,0,0,1,1
1765876389.7039785,2025-12-16 09:13:09,7,0,0,0,1,0,0,1,1
1765876401.9227748,2025-12-16 09:13:21,7,0,0,0,1,0,0,1,1
1765876414.119032,2025-12-16 09:13:34,7,0,0,0,1,0,0,1,1
1765876426.3237336,2025-12-16 09:13:46,7,0,0,0,1,0,0,1,1
1765876438.5243526,2025-12-16 09:13:58,7,0,0,0,1,0,0,1,1
1765876450.7580347,2025-12-16 09:14:10,7,0,0,0,1,0,0,1,1
1765876462.959043,2025-12-16 09:14:22,7,0,0,0,1,0,0,1,1
1765876475.1560194,2025-12-16 09:14:35,7,0,0,0,1,0,0,1,1
1765876487.3625183,2025-12-16 09:14:47,7,0,0,0,1,0,0,1,1
1765876499.5696886,2025-12-16 09:14:59,7,0,0,0,0,0,0,1,1
1765876511.7886496,2025-12-16 09:15:11,7,0,0,0,0,0,0,1,1
1765876524.018951,2025-12-16 09:15:24,7,0,0,0,0,0,0,1,1
1765876536.2185419,2025-12-16 09:15:36,7,0,0,0,0,0,0,1,1
1765876548.4190006,2025-12-16 09:15:48,7,0,0,0,1,0,0,1,1
1765876560.6630616,2025-12-16 09:16:00,7,0,0,0,1,0,0,1,1
1765876572.8927495,2025-12-16 09:16:12,7,0,0,0,1,0,0,1,1
1765876585.14177,2025-12-16 09:16:25,7,0,0,0,1,0,0,1,1
1765876597.346424,2025-12-16 09:16:37,7,0,0,0,1,0,0,1,1
1765876609.5692196,2025-12-16 09:16:49,7,0,0,0,1,0,0,1,1
1765876621.7811406,2025-12-16 09:17:01,7,0,0,0,1,0,0,1,1
1765876633.9703565,2025-12-16 09:17:13,7,0,0,0,1,0,0,1,1
1765876646.1852114,2025-12-16 09:17:26,7,0,0,0,1,0,0,1,1
1765876658.3878186,2025-12-16 09:17:38,7,0,0,0,1,0,0,1,1
1765876670.5742028,2025-12-16 09:17:50,7,0,0,0,1,0,0,1,1
1765876682.7871447,2025-12-16 09:18:02,7,0,1,0,1,0,0,1,1
1765876694.9740074,2025-12-16 09:18:14,7,0,1,0,1,0,1,1,1
1765876707.1783078,2025-12-16 09:18:27,7,0,0,0,1,0,1,1,1
1765876719.3919063,2025-12-16 09:18:39,7,0,1,0,1,0,1,1,1
1765876731.5811834,2025-12-16 09:18:51,7,0,0,0,1,0,1,1,1
1765876743.786799,2025-12-16 09:19:03,7,0,1,0,1,0,1,1,1
1765876755.9905357,2025-12-16 09:19:15,7,0,1,0,1,0,1,1,1
1765876768.1652508,2025-12-16 09:19:28,7,0,0,0,1,0,1,1,1
1765876780.3715732,2025-12-16 09:19:40,7,0,0,0,1,0,1,1,1
1765876792.5589023,2025-12-16 09:19:52,7,0,0,0,1,0,1,1,1
1765876804.7601216,2025-12-16 09:20:04,7,0,0,0,1,0,1,1,1
1765876816.9612617,2025-12-16 09:20:16,7,0,0,0,1,0,1,1,1
1765876829.1830826,2025-12-16 09:20:29,7,0,0,0,1,0,1,1,1
1765876841.3430889,2025-12-16 09:20:41,7,0,0,0,1,0,1,1,1
1765876853.5427566,2025-12-16 09:20:53,7,0,0,0,1,0,1,1,1
1765876865.736129,2025-12-16 09:21:05,7,0,0,0,1,0,1,1,1
1765876877.9583309,2025-12-16 09:21:17,7,0,0,0,1,0,1,1,1
1765876890.1622305,2025-12-16 09:21:30,7,0,0,0,1,0,1,1,1
1765876902.3782551,2025-12-16 09:21:42,7,0,0,0,1,0,1,1,1
1765876914.5720673,2025-12-16 09:21:54,7,0,1,0,1,0,1,1,1
1765876926.8245065,2025-12-16 09:22:06,7,0,1,0,1,0,1,1,1
1765876939.025141,2025-12-16 09:22:19,7,0,0,0,1,0,1,1,1
1765876951.253917,2025-12-16 09:22:31,7,0,0,0,1,0,1,1,1
1765876963.4853606,2025-12-16 09:22:43,7,0,0,0,1,0,1,1,1
1765876975.6887815,2025-12-16 09:22:55,7,0,1,0,1,0,1,1,1
1765876987.933436,2025-12-16 09:23:07,7,0,0,0,1,0,0,1,1
1765877000.1119707,2025-12-16 09:23:20,7,0,0,0,1,0,0,1,1
1765877012.3026474,2025-12-16 09:23:32,7,0,1,0,1,0,0,1,1
1765877024.5003922,2025-12-16 09:23:44,7,0,0,0,1,0,0,1,1
1765877036.7044826,2025-12-16 09:23:56,7,0,1,0,1,0,0,1,1
1765877048.9085631,2025-12-16 09:24:08,7,0,0,0,1,0,0,1,1
1765877061.1016877,2025-12-16 09:24:21,7,0,1,0,1,0,0,1,1
1765877073.311381,2025-12-16 09:24:33,7,0,0,0,1,0,0,1,1
1765877085.5193133,2025-12-16 09:24:45,7,0,0,0,1,0,0,1,1
1765877097.7103539,2025-12-16 09:24:57,7,0,0,0,1,0,0,1,1
1765877109.9144077,2025-12-16 09:25:09,7,0,0,0,1,0,0,1,1
1765877122.139669,2025-12-16 09:25:22,7,0,0,0,1,0,0,1,1
1765877134.345102,2025-12-16 09:25:34,7,0,1,0,1,0,0,1,1
1765877146.5814698,2025-12-16 09:25:46,7,0,1,0,1,0,0,1,1
1765877158.7822762,2025-12-16 09:25:58,7,0,0,0,1,0,0,1,1
1765877171.0417452,2025-12-16 09:26:11,7,0,0,0,1,0,0,1,1
1765877183.2379575,2025-12-16 09:26:23,7,0,0,0,1,0,0,1,1
1765877195.458095,2025-12-16 09:26:35,7,0,0,0,1,0,0,1,1
1765877207.6845639,2025-12-16 09:26:47,7,0,1,0,1,0,0,1,1
1765877219.8877823,2025-12-16 09:26:59,7,0,0,0,1,0,0,1,1
1765877232.1308053,2025-12-16 09:27:12,7,0,1,0,1,0,0,1,1
1765877244.333841,2025-12-16 09:27:24,7,0,0,0,1,0,0,1,1
1765877427.3859694,2025-12-16 09:30:27,8,0,1,0,1,0,1,1,1
1765877439.5671804,2025-12-16 09:30:39,8,0,1,0,1,0,0,1,1
1765877451.778517,2025-12-16 09:30:51,8,0,1,0,1,0,0,1,1
1765877463.965934,2025-12-16 09:31:03,8,0,1,0,1,0,0,1,1
1765877476.1518495,2025-12-16 09:31:16,8,0,0,0,1,0,0,1,1
1765877488.3706663,2025-12-16 09:31:28,8,0,1,0,1,0,0,1,1
1765877500.5696652,2025-12-16 09:31:40,8,0,0,0,1,0,0,1,1
1765877512.7898767,2025-12-16 09:31:52,8,0,0,0,1,0,0,1,1
1765877524.9953892,2025-12-16 09:32:04,8,0,0,0,1,0,0,1,1
1765877537.2533643,2025-12-16 09:32:17,8,0,1,0,1,0,0,1,1
1765877549.4614387,2025-12-16 09:32:29,8,0,0,0,1,0,0,1,1
1765877561.705518,2025-12-16 09:32:41,8,0,0,0,1,0,0,1,1
1765877573.9308922,2025-12-16 09:32:53,8,0,1,0,1,0,0,1,1
1765877586.1330175,2025-12-16 09:33:06,8,0,1,0,1,0,0,1,1
1765877598.4025726,2025-12-16 09:33:18,8,0,1,0,1,0,0,1,1
1765877610.619394,2025-12-16 09:33:30,8,0,0,0,1,0,0,1,1
1765877622.8392365,2025-12-16 09:33:42,8,0,0,0,1,0,0,1,1
1765877635.0435956,2025-12-16 09:33:55,8,0,1,0,1,0,0,1,1
1765877647.2700071,2025-12-16 09:34:07,8,0,0,0,1,0,0,1,1
1765877659.4417098,2025-12-16 09:34:19,8,0,0,0,1,0,0,1,1
1765877671.6630373,2025-12-16 09:34:31,8,0,0,0,1,0,0,1,1
1765877683.8707905,2025-12-16 09:34:43,8,0,0,0,1,0,0,1,1
1765877696.0835059,2025-12-16 09:34:56,8,0,1,0,1,0,0,1,1
1765877708.2886114,2025-12-16 09:35:08,8,0,1,0,1,0,0,1,1
1765877720.4544208,2025-12-16 09:35:20,8,0,0,0,1,0,0,1,1
1765877732.6607697,2025-12-16 09:35:32,8,0,0,0,1,0,0,1,1
1765877744.8715067,2025-12-16 09:35:44,8,0,1,0,1,0,0,1,1
1765877757.0788777,2025-12-16 09:35:57,8,0,0,0,1,0,0,1,1
1765877769.2916045,2025-12-16 09:36:09,8,0,0,0,1,0,0,1,1
1765877781.5223966,2025-12-16 09:36:21,8,0,0,0,1,0,0,1,1
1765877793.7241416,2025-12-16 09:36:33,8,0,0,0,1,0,0,1,1
1765877805.9275718,2025-12-16 09:36:45,8,0,0,0,1,0,0,1,1
1765877818.164594,2025-12-16 09:36:58,8,0,0,0,1,0,0,1,1
1765877830.3753397,2025-12-16 09:37:10,8,0,0,0,1,0,0,1,1
1765877842.5764382,2025-12-16 09:37:22,8,0,0,0,1,0,0,1,1
1765877854.7838342,2025-12-16 09:37:34,8,0,0,0,1,0,0,1,1
1765877866.9917095,2025-12-16 09:37:46,8,0,0,0,1,0,0,1,1
1765877879.1968963,2025-12-16 09:37:59,8,0,0,0,1,0,0,1,1
1765877891.400191,2025-12-16 09:38:11,8,0,0,0,1,0,0,1,1
1765877903.5776904,2025-12-16 09:38:23,8,0,0,0,1,0,0,1,1
1765877915.7791893,2025-12-16 09:38:35,8,0,0,0,1,0,0,1,1
1765877928.0055518,2025-12-16 09:38:48,8,0,0,0,1,0,0,1,1
1765877940.1747234,2025-12-16 09:39:00,8,0,0,0,1,0,0,1,1
1765877952.3742466,2025-12-16 09:39:12,8,0,0,0,1,0,0,1,1
1765877964.5906136,2025-12-16 09:39:24,8,0,0,0,1,0,0,1,1
1765877976.8155322,2025-12-16 09:39:36,8,0,0,0,1,0,0,1,1
1765877989.043287,2025-12-16 09:39:49,8,0,0,0,1,0,0,1,1
1765878001.270234,2025-12-16 09:40:01,8,0,0,0,1,0,0,1,1
1765878013.4559622,2025-12-16 09:40:13,8,0,1,0,1,0,0,1,1
1765878025.6813154,2025-12-16 09:40:25,8,0,0,0,1,0,0,1,1
1765878037.8860672,2025-12-16 09:40:37,8,0,0,0,1,0,0,1,1
1765878050.1077778,2025-12-16 09:40:50,8,0,0,0,1,0,0,1,1
1765878062.3362765,2025-12-16 09:41:02,8,0,0,0,1,0,0,1,1
1765878074.5031066,2025-12-16 09:41:14,8,0,1,0,1,0,0,1,1
1765878086.7077227,2025-12-16 09:41:26,8,0,1,0,1,0,0,1,1
1765878098.9150846,2025-12-16 09:41:38,8,0,1,0,1,0,0,1,1
1765878111.162487,2025-12-16 09:41:51,8,0,0,0,1,0,0,1,1
1765878123.3607106,2025-12-16 09:42:03,8,0,1,0,1,0,0,1,1
1765878135.5877624,2025-12-16 09:42:15,8,0,1,0,1,0,0,1,1
1765878147.8527908,2025-12-16 09:42:27,8,0,0,0,1,0,0,1,1
1765878160.0742972,2025-12-16 09:42:40,8,0,1,0,1,0,0,1,1
1765878172.2870686,2025-12-16 09:42:52,8,0,0,0,1,0,0,1,1
1765878184.499291,2025-12-16 09:43:04,8,0,1,0,1,0,0,1,1
1765878196.7244275,2025-12-16 09:43:16,8,0,1,0,1,0,0,1,1
1765878208.9421902,2025-12-16 09:43:28,8,0,0,0,1,0,0,1,1
1765878221.1588905,2025-12-16 09:43:41,8,0,0,0,1,0,0,1,1
1765878233.3745456,2025-12-16 09:43:53,8,0,0,0,1,0,0,1,1
1765878245.581414,2025-12-16 09:44:05,8,0,1,0,1,0,0,1,1
1765878257.782433,2025-12-16 09:44:17,8,0,0,0,1,0,0,1,1
1765878269.975283,2025-12-16 09:44:29,8,0,0,0,1,0,0,1,1
1765878282.183197,2025-12-16 09:44:42,8,0,0,0,1,0,0,1,1
1765878294.3995562,2025-12-16 09:44:54,8,0,0,0,1,0,0,1,1
1765878306.617862,2025-12-16 09:45:06,8,0,1,0,1,0,0,1,1
1765878318.829191,2025-12-16 09:45:18,8,0,1,0,1,0,0,1,1
1765878331.0614154,2025-12-16 09:45:31,8,0,0,0,1,0,0,1,1
1765878343.2647042,2025-12-16 09:45:43,8,0,1,0,1,0,0,1,1
1765878355.4937394,2025-12-16 09:45:55,8,0,0,0,1,0,0,1,1
1765878367.6895955,2025-12-16 09:46:07,8,0,0,0,1,0,0,1,1
1765878379.8888266,2025-12-16 09:46:19,8,0,0,0,1,0,0,1,1
1765878392.1281817,2025-12-16 09:46:32,8,0,0,0,1,0,0,1,1
1765878404.3170667,2025-12-16 09:46:44,8,0,1,0,1,0,0,1,1
1765878416.5095117,2025-12-16 09:46:56,8,0,1,0,1,0,0,1,1
1765878428.7114642,2025-12-16 09:47:08,8,0,0,0,1,0,0,1,1
1765878440.9088166,2025-12-16 09:47:20,8,0,1,0,1,0,0,1,1
1765878453.1083608,2025-12-16 09:47:33,8,0,1,0,1,0,0,1,1
1765878465.315883,2025-12-16 09:47:45,8,0,1,0,1,0,0,1,1
1765878477.5067146,2025-12-16 09:47:57,8,0,0,0,1,0,0,1,1
1765878489.7014086,2025-12-16 09:48:09,8,0,0,0,1,0,0,1,1
1765878501.9033084,2025-12-16 09:48:21,8,0,1,0,1,0,0,1,1
1765878514.1281435,2025-12-16 09:48:34,8,0,1,0,1,0,0,1,1
1765878526.3284278,2025-12-16 09:48:46,8,0,1,0,1,0,0,1,1
1765878538.528365,2025-12-16 09:48:58,8,0,0,0,1,0,0,1,1
1765878550.7430797,2025-12-16 09:49:10,8,0,1,0,1,0,0,1,1
1765878562.940406,2025-12-16 09:49:22,8,0,0,0,1,0,0,1,1
1765878575.146743,2025-12-16 09:49:35,8,0,0,0,1,0,0,1,1
1765878587.377406,2025-12-16 09:49:47,8,0,0,0,1,0,0,1,1
1765878599.5929503,2025-12-16 09:49:59,8,0,1,0,1,0,0,1,1
1765878611.8399389,2025-12-16 09:50:11,8,0,0,0,1,0,0,1,1
1765878624.0220177,2025-12-16 09:50:24,8,0,0,0,1,0,0,1,1
1765878636.2233074,2025-12-16 09:50:36,8,0,1,0,1,0,0,1,1
1765878648.4172816,2025-12-16 09:50:48,8,0,0,0,1,0,0,1,1
1765878660.6135573,2025-12-16 09:51:00,8,0,0,0,1,0,0,1,1
1765878672.8360207,2025-12-16 09:51:12,8,0,0,0,1,0,0,1,1
1765878685.0083575,2025-12-16 09:51:25,8,0,0,0,1,0,0,1,1
1765878697.212642,2025-12-16 09:51:37,8,0,1,0,1,0,0,1,1
1765878709.405665,2025-12-16 09:51:49,8,0,1,0,1,0,0,1,1
1765878721.594322,2025-12-16 09:52:01,8,0,0,0,1,0,0,1,1
1765878733.7831113,2025-12-16 09:52:13,8,0,0,0,1,0,0,1,1
1765878745.9964871,2025-12-16 09:52:25,8,0,1,0,1,0,0,1,1
1765878758.2681868,2025-12-16 09:52:38,8,0,0,0,1,0,0,1,1
1765878770.4721322,2025-12-16 09:52:50,8,0,0,0,1,0,0,1,1
1765878782.6662426,2025-12-16 09:53:02,8,0,0,0,1,0,0,1,1
1765878794.881427,2025-12-16 09:53:14,8,0,0,0,1,0,0,1,1
1765878807.0814798,2025-12-16 09:53:27,8,0,1,0,1,0,0,1,1
1765878819.2936244,2025-12-16 09:53:39,8,0,0,0,1,0,0,1,1
1765878831.5034611,2025-12-16 09:53:51,8,0,0,0,1,0,0,1,1
1765878843.7162836,2025-12-16 09:54:03,8,0,1,0,1,0,0,1,1
1765878855.941938,2025-12-16 09:54:15,8,0,1,0,1,0,0,1,1
1765878868.1372092,2025-12-16 09:54:28,8,0,0,0,1,0,0,1,1
1765878880.342581,2025-12-16 09:54:40,8,0,1,0,1,0,0,1,1
1765878892.5469923,2025-12-16 09:54:52,8,0,1,0,1,0,0,1,1
1765878904.752092,2025-12-16 09:55:04,8,0,0,0,1,0,0,1,1
1765878916.9381666,2025-12-16 09:55:16,8,0,0,0,1,0,0,1,1
1765878929.1644032,2025-12-16 09:55:29,8,0,0,0,1,0,0,1,1
1765878941.3881848,2025-12-16 09:55:41,8,0,1,0,1,0,0,1,1
1765878953.590962,2025-12-16 09:55:53,8,0,0,0,1,0,0,1,1
1765878965.784833,2025-12-16 09:56:05,8,0,1,0,1,0,0,1,1
1765878977.9848669,2025-12-16 09:56:17,8,0,0,0,1,0,0,1,1
1765878990.1903574,2025-12-16 09:56:30,8,0,1,0,1,0,0,1,1
1765879002.4044955,2025-12-16 09:56:42,8,0,0,0,1,0,0,1,1
1765879014.5892882,2025-12-16 09:56:54,8,0,1,0,1,0,0,1,1
1765879026.7999053,2025-12-16 09:57:06,8,0,0,0,1,0,0,1,1
1765879038.9949198,2025-12-16 09:57:18,8,0,0,0,1,0,0,1,1
1765879051.1811109,2025-12-16 09:57:31,8,0,0,0,1,0,0,1,1
1765879063.3754056,2025-12-16 09:57:43,8,0,1,0,1,0,0,1,1
1765879075.622972,2025-12-16 09:57:55,8,0,0,0,1,0,0,1,1
1765879087.835313,2025-12-16 09:58:07,8,0,0,0,1,0,0,1,1
1765879100.0197191,2025-12-16 09:58:20,8,0,1,0,1,0,0,1,1
1765879112.231925,2025-12-16 09:58:32,8,0,0,0,1,0,0,1,1
1765879124.4261847,2025-12-16 09:58:44,8,0,0,0,1,0,0,1,1
1765879136.6356943,2025-12-16 09:58:56,8,0,1,0,1,0,0,1,1
1765879148.8604057,2025-12-16 09:59:08,8,0,0,0,1,0,0,1,1
1765879161.057408,2025-12-16 09:59:21,8,0,0,0,1,0,0,1,1
1765879173.2854981,2025-12-16 09:59:33,8,0,0,0,1,0,0,1,1
1765879185.4550133,2025-12-16 09:59:45,8,0,0,0,1,0,0,1,1
1765879197.6534474,2025-12-16 09:59:57,8,0,0,0,1,0,0,1,1
1765879209.8181908,2025-12-16 10:00:09,8,0,1,0,1,0,0,1,1
1765879221.974185,2025-12-16 10:00:21,8,0,0,0,1,0,0,1,1
1765879234.15595,2025-12-16 10:00:34,8,0,0,0,1,0,0,1,1
1765879246.3701987,2025-12-16 10:00:46,8,0,0,0,1,0,0,1,1
1765879258.5644817,2025-12-16 10:00:58,8,0,1,0,1,0,0,1,1
1765879270.740515,2025-12-16 10:01:10,8,0,0,0,1,0,0,1,1
1765879282.945158,2025-12-16 10:01:22,8,0,0,0,1,0,0,1,1
1765879295.1770227,2025-12-16 10:01:35,8,0,1,0,1,0,0,1,1
1765879307.38525,2025-12-16 10:01:47,8,0,1,0,1,0,0,1,1
1765879319.585138,2025-12-16 10:01:59,8,0,0,0,1,0,0,1,1
1765879331.8156466,2025-12-16 10:02:11,8,0,1,0,1,0,0,1,1
1765879344.04991,2025-12-16 10:02:24,8,0,1,0,1,0,0,1,1
1765879356.2715,2025-12-16 10:02:36,8,0,1,0,1,0,0,1,1
1765879368.5197866,2025-12-16 10:02:48,8,0,1,0,1,0,0,1,1
1765879380.7601807,2025-12-16 10:03:00,8,0,0,0,1,0,0,1,1
1765879392.9824004,2025-12-16 10:03:12,8,0,0,0,1,0,0,1,1
1765879405.171446,2025-12-16 10:03:25,8,0,1,0,1,0,0,1,1
1765879417.3777404,2025-12-16 10:03:37,8,0,1,0,1,0,0,1,1
1765879429.5758922,2025-12-16 10:03:49,8,0,1,0,1,0,0,1,1
1765879441.7812295,2025-12-16 10:04:01,8,0,1,0,1,0,0,1,1
1765879453.9740777,2025-12-16 10:04:13,8,0,0,0,1,0,0,1,1
1765879466.1916864,2025-12-16 10:04:26,8,0,0,0,1,0,0,1,1
1765879478.384789,2025-12-16 10:04:38,8,0,1,0,1,0,0,1,1
1765879490.6162825,2025-12-16 10:04:50,8,0,1,0,1,0,0,1,1
1765879502.780886,2025-12-16 10:05:02,8,0,0,0,1,0,0,1,1
1765879515.0007627,2025-12-16 10:05:15,8,0,1,0,1,0,1,1,1
1765879527.2407207,2025-12-16 10:05:27,8,0,0,0,1,0,1,1,1
1765879539.45313,2025-12-16 10:05:39,8,0,1,0,1,0,1,1,1
1765879551.6379166,2025-12-16 10:05:51,8,0,0,0,1,0,0,1,1
1765879563.8319523,2025-12-16 10:06:03,8,0,0,0,1,0,0,1,1
1765879576.049874,2025-12-16 10:06:16,8,0,1,0,1,0,0,1,1
1765879588.2662587,2025-12-16 10:06:28,8,0,0,0,1,0,0,1,1
1765879600.4548137,2025-12-16 10:06:40,8,0,0,0,1,0,0,1,1
1765879612.6833198,2025-12-16 10:06:52,8,0,0,0,1,0,0,1,1
1765879624.8507323,2025-12-16 10:07:04,8,0,1,0,1,0,0,1,1
1765879637.0519893,2025-12-16 10:07:17,8,0,0,0,1,0,0,1,1
1765879649.2505064,2025-12-16 10:07:29,8,0,0,0,1,0,0,1,1
1765879661.4393106,2025-12-16 10:07:41,8,0,0,0,1,0,0,1,1
1765879673.6271234,2025-12-16 10:07:53,8,0,1,0,1,0,0,1,1
1765879685.8333395,2025-12-16 10:08:05,8,0,0,0,1,0,0,1,1
1765879698.0244706,2025-12-16 10:08:18,8,0,1,0,1,0,0,1,1
1765879710.2345755,2025-12-16 10:08:30,8,0,1,0,1,0,0,1,1
1765879722.4376292,2025-12-16 10:08:42,8,0,1,0,1,0,0,1,1
1765879734.6398034,2025-12-16 10:08:54,8,0,0,0,1,0,0,1,1
1765879746.8573406,2025-12-16 10:09:06,8,0,0,0,1,0,0,1,1
1765879759.0492861,2025-12-16 10:09:19,8,0,0,0,1,0,0,1,1
1765879771.2442172,2025-12-16 10:09:31,8,0,1,0,1,0,0,1,1
1765879783.456905,2025-12-16 10:09:43,8,0,1,0,1,0,0,1,1
1765879795.662266,2025-12-16 10:09:55,8,0,1,0,1,0,0,1,1
1765879807.8665044,2025-12-16 10:10:07,8,0,0,0,1,0,0,1,1
1765879820.0453548,2025-12-16 10:10:20,8,0,1,0,1,0,0,1,1
1765879832.265057,2025-12-16 10:10:32,8,0,1,0,1,0,0,1,1
1765879844.4569218,2025-12-16 10:10:44,8,0,0,0,1,0,0,1,1
1765879856.6488838,2025-12-16 10:10:56,8,0,0,0,1,0,0,1,1
1765879868.8573213,2025-12-16 10:11:08,8,0,0,0,1,0,0,1,1
1765879881.0645225,2025-12-16 10:11:21,8,0,0,0,1,0,0,1,1
1765879893.274126,2025-12-16 10:11:33,8,0,0,0,1,0,0,1,1
1765879905.4777675,2025-12-16 10:11:45,8,0,0,0,1,0,0,1,1
1765879917.7008474,2025-12-16 10:11:57,8,0,1,0,1,0,0,1,1
1765879929.901268,2025-12-16 10:12:09,8,0,1,0,1,0,0,1,1
1765879942.0925632,2025-12-16 10:12:22,8,0,0,0,1,0,0,1,1
1765879954.3511143,2025-12-16 10:12:34,8,0,1,0,1,0,0,1,1
1765879966.534745,2025-12-16 10:12:46,8,0,1,0,1,0,0,1,1
1765879978.7923644,2025-12-16 10:12:58,8,0,0,0,1,0,0,1,1
1765879991.010117,2025-12-16 10:13:11,8,0,0,0,1,0,0,1,1
1765880003.2008238,2025-12-16 10:13:23,8,0,0,0,1,0,0,1,1
1765880015.3854666,2025-12-16 10:13:35,8,0,1,0,1,0,0,1,1
1765880027.5857499,2025-12-16 10:13:47,8,0,1,0,1,0,0,1,1
1765880039.7958221,2025-12-16 10:13:59,8,0,1,0,1,0,0,1,1
1765880051.973601,2025-12-16 10:14:11,8,0,1,0,1,0,0,1,1
1765880064.2198768,2025-12-16 10:14:24,8,0,0,0,1,0,0,1,1
1765880076.4248655,2025-12-16 10:14:36,8,0,0,0,1,0,0,1,1
1765880088.6088953,2025-12-16 10:14:48,8,0,0,0,1,0,0,1,1
1765880100.8878112,2025-12-16 10:15:00,8,0,1,0,1,0,0,1,1
1765880113.0569918,2025-12-16 10:15:13,8,0,0,0,1,0,0,1,1
1765880125.261938,2025-12-16 10:15:25,8,0,1,0,1,0,0,1,1
1765880137.466644,2025-12-16 10:15:37,8,0,1,0,1,0,0,1,1
1765880149.6670213,2025-12-16 10:15:49,8,0,0,0,1,0,0,1,1
1765880161.8783379,2025-12-16 10:16:01,8,0,0,0,1,0,0,1,1
1765880174.1134331,2025-12-16 10:16:14,8,0,1,0,1,0,0,1,1
1765880186.3271112,2025-12-16 10:16:26,8,0,1,0,1,0,0,1,1
1765880198.5314236,2025-12-16 10:16:38,8,0,1,0,1,0,0,1,1
1765880210.7352965,2025-12-16 10:16:50,8,0,1,0,1,0,0,1,1
1765880222.953761,2025-12-16 10:17:02,8,0,0,0,1,0,0,1,1
1765880235.1659648,2025-12-16 10:17:15,8,0,0,0,1,0,0,1,1
1765880247.387573,2025-12-16 10:17:27,8,0,1,0,1,0,0,1,1
1765880259.5956287,2025-12-16 10:17:39,8,0,0,0,1,0,0,1,1
1765880271.791301,2025-12-16 10:17:51,8,0,0,0,1,0,0,1,1
1765880284.001354,2025-12-16 10:18:04,8,0,1,0,1,0,0,1,1
1765880296.2295032,2025-12-16 10:18:16,8,0,0,0,1,0,0,1,1
1765880308.434272,2025-12-16 10:18:28,8,0,0,0,1,0,0,1,1
1765880320.6239092,2025-12-16 10:18:40,8,0,0,0,1,0,0,1,1
1765880332.8372455,2025-12-16 10:18:52,8,0,1,0,1,0,0,1,1
1765880345.0590923,2025-12-16 10:19:05,8,0,0,0,1,0,0,1,1
1765880357.2567647,2025-12-16 10:19:17,8,0,0,0,1,0,0,1,1
1765880369.4552925,2025-12-16 10:19:29,8,0,1,0,1,0,0,1,1
1765880381.6651452,2025-12-16 10:19:41,8,0,0,0,1,0,0,1,1
1765880393.8792021,2025-12-16 10:19:53,8,0,0,0,1,0,0,1,1
1765880406.0868094,2025-12-16 10:20:06,8,0,0,0,1,0,0,1,1
1765880418.2727115,2025-12-16 10:20:18,8,0,0,0,1,0,0,1,1
1765880430.5116212,2025-12-16 10:20:30,8,0,0,0,1,0,0,1,1
1765880442.727867,2025-12-16 10:20:42,8,0,0,0,1,0,0,1,1
1765880454.9316106,2025-12-16 10:20:54,8,0,0,0,1,0,0,1,1
1765880467.135371,2025-12-16 10:21:07,8,0,0,0,1,0,0,1,1
1765880479.3408399,2025-12-16 10:21:19,8,0,1,0,1,0,0,1,1
1765880491.542492,2025-12-16 10:21:31,8,0,0,0,1,0,0,1,1
1765880503.7406101,2025-12-16 10:21:43,8,0,1,0,1,0,0,1,1
1765880515.9671907,2025-12-16 10:21:55,8,0,0,0,1,0,0,1,1
1765880528.1849537,2025-12-16 10:22:08,8,0,0,0,1,0,0,1,1
1765880540.3761714,2025-12-16 10:22:20,8,0,1,0,1,0,0,1,1
1765880552.560086,2025-12-16 10:22:32,8,0,0,0,1,0,0,1,1
1765880564.7489104,2025-12-16 10:22:44,8,0,0,0,1,0,0,1,1
1765880577.0011744,2025-12-16 10:22:57,8,0,0,0,1,0,0,1,1
1765880589.291995,2025-12-16 10:23:09,8,0,0,0,1,0,0,1,1
1765880601.4887977,2025-12-16 10:23:21,8,0,0,0,1,0,0,1,1
1765880613.6724517,2025-12-16 10:23:33,8,0,1,0,1,0,0,1,1
1765880625.863439,2025-12-16 10:23:45,8,0,0,0,1,0,0,1,1
1765880638.0691602,2025-12-16 10:23:58,8,0,1,0,1,0,0,1,1
1765880650.2758713,2025-12-16 10:24:10,8,0,0,0,1,0,0,1,1
1765880662.486686,2025-12-16 10:24:22,8,0,0,0,1,0,0,1,1
1765880674.691838,2025-12-16 10:24:34,8,0,0,0,1,0,0,1,1
1765880686.9047425,2025-12-16 10:24:46,8,0,0,0,1,0,0,1,1
1765880699.1334403,2025-12-16 10:24:59,8,0,1,0,1,0,0,1,1
1765880711.3355844,2025-12-16 10:25:11,8,0,0,0,1,0,0,1,1
1765880723.5093794,2025-12-16 10:25:23,8,0,0,0,1,0,0,1,1
1765880735.6976402,2025-12-16 10:25:35,8,0,1,0,1,0,0,1,1
1765880747.8999906,2025-12-16 10:25:47,8,0,0,0,1,0,0,1,1
1765880760.0952737,2025-12-16 10:26:00,8,0,1,0,1,0,0,1,1
1765880772.3053107,2025-12-16 10:26:12,8,0,0,0,1,0,0,1,1
1765880784.5268016,2025-12-16 10:26:24,8,0,1,0,1,0,0,1,1
1765880796.696507,2025-12-16 10:26:36,8,0,0,0,1,0,0,1,1
1765880808.9085925,2025-12-16 10:26:48,8,0,1,0,1,0,0,1,1
1765880821.140205,2025-12-16 10:27:01,8,0,1,0,1,0,0,1,1
1765880833.316225,2025-12-16 10:27:13,8,0,0,0,1,0,0,1,1
1765880845.5089488,2025-12-16 10:27:25,8,0,0,0,1,0,0,1,1
1765880857.7174606,2025-12-16 10:27:37,8,0,1,0,1,0,0,1,1
1765880869.9137666,2025-12-16 10:27:49,8,0,1,0,1,0,0,1,1
1765880882.1225257,2025-12-16 10:28:02,8,0,0,0,1,0,0,1,1
1765880894.3162131,2025-12-16 10:28:14,8,0,0,0,1,0,0,1,1
1765880906.5307233,2025-12-16 10:28:26,8,0,1,0,1,0,0,1,1
1765880918.7293115,2025-12-16 10:28:38,8,0,0,0,1,0,0,1,1
1765880930.9393692,2025-12-16 10:28:50,8,0,0,0,1,0,0,1,1
1765880943.145531,2025-12-16 10:29:03,8,0,0,0,1,0,0,1,1
1765880955.3635592,2025-12-16 10:29:15,8,0,1,0,1,0,0,1,1
1765880967.5580044,2025-12-16 10:29:27,8,0,1,0,1,0,0,1,1
1765880979.7822707,2025-12-16 10:29:39,8,0,0,0,1,0,0,1,1
1765880991.9885988,2025-12-16 10:29:51,8,0,0,0,1,0,0,1,1
1765881004.1839564,2025-12-16 10:30:04,8,0,0,0,1,0,0,1,1
1765881016.3726115,2025-12-16 10:30:16,8,0,1,0,1,0,0,1,1
1765881028.5512648,2025-12-16 10:30:28,8,0,0,0,1,0,0,1,1
1765881040.73599,2025-12-16 10:30:40,8,0,0,0,1,0,0,1,1
1765881052.9222898,2025-12-16 10:30:52,8,0,0,0,1,0,0,1,1
1765881065.1270278,2025-12-16 10:31:05,8,0,1,0,1,0,0,1,1
1765881077.324558,2025-12-16 10:31:17,8,0,0,0,1,0,0,1,1
1765881089.5279772,2025-12-16 10:31:29,8,0,0,0,1,0,0,1,1
1765881101.7059119,2025-12-16 10:31:41,8,0,1,0,1,0,0,1,1
1765881113.9171576,2025-12-16 10:31:53,8,0,0,0,1,0,0,1,1
1765881126.134386,2025-12-16 10:32:06,8,0,1,0,1,0,0,1,1
1765881138.3240876,2025-12-16 10:32:18,8,0,1,0,1,0,0,1,1
1765881150.5418127,2025-12-16 10:32:30,8,0,0,0,1,0,0,1,1
1765881162.7255335,2025-12-16 10:32:42,8,0,0,0,1,0,0,1,1
1765881174.9317887,2025-12-16 10:32:54,8,0,0,0,1,0,0,1,1
1765881187.134714,2025-12-16 10:33:07,8,0,1,0,1,0,0,1,1
1765881199.3855226,2025-12-16 10:33:19,8,0,0,0,1,0,0,1,1
1765881211.600241,2025-12-16 10:33:31,8,0,0,0,1,0,0,1,1
1765881223.8510604,2025-12-16 10:33:43,8,0,0,0,1,0,0,1,1
1765881236.0460718,2025-12-16 10:33:56,8,0,1,0,1,0,0,1,1
1765881248.2503927,2025-12-16 10:34:08,8,0,0,0,1,0,0,1,1
1765881260.4344132,2025-12-16 10:34:20,8,0,1,0,1,0,0,1,1
1765881272.6564746,2025-12-16 10:34:32,8,0,1,0,1,0,0,1,1
1765881284.9364936,2025-12-16 10:34:44,8,0,1,0,1,0,0,1,1
1765881297.093166,2025-12-16 10:34:57,8,0,0,0,1,0,0,1,1
1765881309.3045104,2025-12-16 10:35:09,8,0,1,0,1,0,0,1,1
1765881321.49986,2025-12-16 10:35:21,8,0,0,0,1,0,0,1,1
1765881333.7085,2025-12-16 10:35:33,8,0,1,0,1,0,0,1,1
1765881345.943432,2025-12-16 10:35:45,8,0,1,0,1,0,0,1,1
1765881358.1644332,2025-12-16 10:35:58,8,0,0,0,1,0,0,1,1
1765881370.3795037,2025-12-16 10:36:10,8,0,0,0,1,0,0,1,1
1765881382.5901964,2025-12-16 10:36:22,8,0,1,0,1,0,0,1,1
1765881394.7902029,2025-12-16 10:36:34,8,0,1,0,1,0,0,1,1
1765881406.9920142,2025-12-16 10:36:46,8,0,0,0,1,0,0,1,1
1765881419.223052,2025-12-16 10:36:59,8,0,1,0,1,0,0,1,1
1765881431.4394,2025-12-16 10:37:11,8,0,1,0,1,0,0,1,1
1765881443.6539845,2025-12-16 10:37:23,8,0,0,0,1,0,0,1,1
1765881455.869878,2025-12-16 10:37:35,8,0,0,0,1,0,0,1,1
1765881468.063461,2025-12-16 10:37:48,8,0,0,0,1,0,0,1,1
1765881480.2708428,2025-12-16 10:38:00,8,0,0,0,1,0,0,1,1
1765881492.4791987,2025-12-16 10:38:12,8,0,0,0,1,0,0,1,1
1765881504.7047343,2025-12-16 10:38:24,8,0,1,0,1,0,0,1,1
1765881516.907266,2025-12-16 10:38:36,8,0,1,0,1,0,0,1,1
1765881529.1107697,2025-12-16 10:38:49,8,0,0,0,1,0,0,1,1
1765881541.3419008,2025-12-16 10:39:01,8,0,0,0,1,0,0,1,1
1765881553.530677,2025-12-16 10:39:13,8,0,1,0,1,0,0,1,1
1765881565.7261293,2025-12-16 10:39:25,8,0,1,0,1,0,0,1,1
1765881577.9512222,2025-12-16 10:39:37,8,0,0,0,1,0,0,1,1
1765881590.162889,2025-12-16 10:39:50,8,0,0,0,1,0,0,1,1
1765881602.380792,2025-12-16 10:40:02,8,0,0,0,1,0,0,1,1
1765881614.579962,2025-12-16 10:40:14,8,0,0,0,1,0,0,1,1
1765881626.7914972,2025-12-16 10:40:26,8,0,0,0,1,0,0,1,1
1765881639.000576,2025-12-16 10:40:39,8,0,1,0,1,0,0,1,1
1765881651.2126648,2025-12-16 10:40:51,8,0,0,0,1,0,0,1,1
1765881663.4206734,2025-12-16 10:41:03,8,0,1,0,1,0,0,1,1
1765881675.6057594,2025-12-16 10:41:15,8,0,0,0,1,0,0,1,1
1765881687.8111863,2025-12-16 10:41:27,8,0,0,0,1,0,0,1,1
1765881700.0036416,2025-12-16 10:41:40,8,0,1,0,1,0,0,1,1
1765881712.2047544,2025-12-16 10:41:52,8,0,0,0,1,0,0,1,1
1765881724.3752651,2025-12-16 10:42:04,8,0,1,0,1,0,0,1,1
1765881736.589529,2025-12-16 10:42:16,8,0,0,0,1,0,0,1,1
1765881748.798504,2025-12-16 10:42:28,8,0,1,0,1,0,0,1,1
1765881761.007686,2025-12-16 10:42:41,8,0,1,0,1,0,0,1,1
1765881773.2504587,2025-12-16 10:42:53,8,0,0,0,1,0,0,1,1
1765881785.4220688,2025-12-16 10:43:05,8,0,0,0,1,0,0,1,1
1765881797.5989609,2025-12-16 10:43:17,8,0,0,0,1,0,0,1,1
1765881809.843555,2025-12-16 10:43:29,8,0,1,0,1,0,0,1,1
1765881822.0618346,2025-12-16 10:43:42,8,0,0,0,1,0,0,1,1
1765881834.314133,2025-12-16 10:43:54,8,0,1,0,1,0,0,1,1
1765881846.464794,2025-12-16 10:44:06,8,0,1,0,1,0,0,1,1
1765881858.6268792,2025-12-16 10:44:18,8,0,0,0,1,0,0,1,1
1765881870.8461454,2025-12-16 10:44:30,8,0,0,0,1,0,0,1,1
1765881883.074111,2025-12-16 10:44:43,8,0,0,0,1,0,0,1,1
1765881895.2851648,2025-12-16 10:44:55,8,0,1,0,1,0,0,1,1
1765881907.520315,2025-12-16 10:45:07,8,0,1,0,1,0,0,1,1
1765881919.7310414,2025-12-16 10:45:19,8,0,0,0,1,0,0,1,1
1765881931.951536,2025-12-16 10:45:31,8,0,0,0,1,0,0,1,1
1765881944.1733181,2025-12-16 10:45:44,8,0,0,0,1,0,0,1,1
1765881956.387642,2025-12-16 10:45:56,8,0,1,0,1,0,0,1,1
1765881968.589173,2025-12-16 10:46:08,8,0,1,0,1,0,0,1,1
1765881980.754122,2025-12-16 10:46:20,8,0,0,0,1,0,0,1,1
1765881992.961299,2025-12-16 10:46:32,8,0,1,0,1,0,0,1,1
1765882005.1964912,2025-12-16 10:46:45,8,0,0,0,1,0,0,1,1
1765882017.3891573,2025-12-16 10:46:57,8,0,0,0,1,0,0,1,1
1765882029.5728858,2025-12-16 10:47:09,8,0,1,0,1,0,0,1,1
1765882041.815866,2025-12-16 10:47:21,8,0,1,0,1,0,0,1,1
1765882054.0404072,2025-12-16 10:47:34,8,0,0,0,1,0,0,1,1
1765882066.2414594,2025-12-16 10:47:46,8,0,0,0,1,0,0,1,1
1765882078.412867,2025-12-16 10:47:58,8,0,1,0,1,0,0,1,1
1765882090.633246,2025-12-16 10:48:10,8,0,1,0,1,0,0,1,1
1765882102.812203,2025-12-16 10:48:22,8,0,0,0,1,0,0,1,1
1765882115.0112352,2025-12-16 10:48:35,8,0,1,0,1,0,0,1,1
1765882127.2148201,2025-12-16 10:48:47,8,0,0,0,1,0,0,1,1
1765882139.4106107,2025-12-16 10:48:59,8,0,1,0,1,0,0,1,1
1765882151.6308942,2025-12-16 10:49:11,8,0,0,0,1,0,0,1,1
1765882163.8066385,2025-12-16 10:49:23,8,0,1,0,1,0,0,1,1
1765882176.0147378,2025-12-16 10:49:36,8,0,0,0,1,0,0,1,1
1765882188.219302,2025-12-16 10:49:48,8,0,0,0,1,0,0,1,1
1765882200.4200802,2025-12-16 10:50:00,8,0,0,0,1,0,0,1,1
1765882212.6085138,2025-12-16 10:50:12,8,0,1,0,1,0,0,1,1
1765882224.8142729,2025-12-16 10:50:24,8,0,1,0,1,0,0,1,1
1765882237.0272498,2025-12-16 10:50:37,8,0,0,0,1,0,0,1,1
1765882249.2512836,2025-12-16 10:50:49,8,0,0,0,1,0,0,1,1
1765882261.4433713,2025-12-16 10:51:01,8,0,1,0,1,0,0,1,1
1765882273.6049142,2025-12-16 10:51:13,8,0,0,0,1,0,0,1,1
1765882285.794277,2025-12-16 10:51:25,8,0,0,0,1,0,0,1,1
1765882297.993867,2025-12-16 10:51:37,8,0,1,0,1,0,0,1,1
1765882310.2026134,2025-12-16 10:51:50,8,0,0,0,1,0,0,1,1
1765882322.432278,2025-12-16 10:52:02,8,0,0,0,1,0,0,1,1
1765882334.6483188,2025-12-16 10:52:14,8,0,0,0,1,0,0,1,1
1765882346.8159711,2025-12-16 10:52:26,8,0,0,0,1,0,0,1,1
1765882358.995618,2025-12-16 10:52:38,8,0,0,0,1,0,0,1,1
1765882371.210426,2025-12-16 10:52:51,8,0,0,0,1,0,0,1,1
1765882383.4253953,2025-12-16 10:53:03,8,0,0,0,1,0,0,1,1
1765882395.6527214,2025-12-16 10:53:15,8,0,0,0,1,0,0,1,1
1765882407.8809075,2025-12-16 10:53:27,8,0,1,0,1,0,0,1,1
1765882420.14395,2025-12-16 10:53:40,8,0,1,0,1,0,0,1,1
1765882432.3492715,2025-12-16 10:53:52,8,0,1,0,1,0,0,1,1
1765882444.5410366,2025-12-16 10:54:04,8,0,0,0,1,0,0,1,1
1765882456.7365794,2025-12-16 10:54:16,8,0,0,0,1,0,0,1,1
1765882468.945841,2025-12-16 10:54:28,8,0,0,0,1,0,0,1,1
1765882481.1517563,2025-12-16 10:54:41,8,0,0,0,1,0,0,1,1
1765882493.3572292,2025-12-16 10:54:53,8,0,0,0,1,0,0,1,1
1765882505.5641565,2025-12-16 10:55:05,8,0,1,0,1,0,0,1,1
1765882517.7462413,2025-12-16 10:55:17,8,0,1,0,1,0,0,1,1
1765882529.9696052,2025-12-16 10:55:29,8,0,0,0,1,0,0,1,1
1765882542.1760468,2025-12-16 10:55:42,8,0,0,0,1,0,0,1,1
1765882554.4273255,2025-12-16 10:55:54,8,0,0,0,1,0,0,1,1
1765882566.6375778,2025-12-16 10:56:06,8,0,1,0,1,0,0,1,1
1765882578.8283894,2025-12-16 10:56:18,8,0,0,0,1,0,0,1,1
1765882591.0348122,2025-12-16 10:56:31,8,0,0,0,1,0,0,1,1
1765882603.2397754,2025-12-16 10:56:43,8,0,0,0,1,0,0,1,1
1765882615.447103,2025-12-16 10:56:55,8,0,0,0,1,0,0,1,1
1765882627.6478376,2025-12-16 10:57:07,8,0,0,0,1,0,0,1,1
1765882639.8372223,2025-12-16 10:57:19,8,0,1,0,1,0,0,1,1
1765882652.048498,2025-12-16 10:57:32,8,0,0,0,1,0,0,1,1
1765882664.2721546,2025-12-16 10:57:44,8,0,0,0,1,0,0,1,1
1765882676.5347614,2025-12-16 10:57:56,8,0,0,0,1,0,0,1,1
1765882688.759941,2025-12-16 10:58:08,8,0,1,0,1,0,0,1,1
1765882700.9781818,2025-12-16 10:58:20,8,0,0,0,1,0,0,1,1
1765882713.1866345,2025-12-16 10:58:33,8,0,0,0,1,0,0,1,1
1765882725.3873763,2025-12-16 10:58:45,8,0,1,0,1,0,0,1,1
1765882737.5886152,2025-12-16 10:58:57,8,0,0,0,1,0,0,1,1
1765882749.7919106,2025-12-16 10:59:09,8,0,0,0,1,0,0,1,1
1765882761.9675863,2025-12-16 10:59:21,8,0,1,0,1,0,0,1,1
1765882774.2030385,2025-12-16 10:59:34,8,0,1,0,1,0,0,1,1
1765882786.3829782,2025-12-16 10:59:46,8,0,1,0,1,0,0,1,1
1765882798.587969,2025-12-16 10:59:58,8,0,1,0,1,0,0,1,1
1765882810.7831435,2025-12-16 11:00:10,8,0,1,0,1,0,0,1,1
1765882822.9606314,2025-12-16 11:00:22,8,0,1,0,1,0,0,1,1
1765882835.124049,2025-12-16 11:00:35,8,0,1,0,1,0,0,1,1
1765882847.3133569,2025-12-16 11:00:47,8,0,0,0,1,0,0,1,1
1765882859.4994032,2025-12-16 11:00:59,8,0,0,0,1,0,0,1,1
1765882871.682041,2025-12-16 11:01:11,8,0,1,0,1,0,0,1,1
1765882883.8893359,2025-12-16 11:01:23,8,0,1,0,1,0,0,1,1
1765882896.122803,2025-12-16 11:01:36,8,0,1,0,1,0,0,1,1
1765882908.2982242,2025-12-16 11:01:48,8,0,0,0,1,0,0,1,1
1765882920.504298,2025-12-16 11:02:00,8,0,0,0,1,0,0,1,1
1765882932.7213705,2025-12-16 11:02:12,8,0,0,0,1,0,0,1,1
1765882944.937321,2025-12-16 11:02:24,8,0,0,0,1,0,0,1,1
1765882957.1655662,2025-12-16 11:02:37,8,0,0,0,1,0,0,1,1
1765882969.3839712,2025-12-16 11:02:49,8,0,0,0,1,0,0,1,1
1765882981.5942912,2025-12-16 11:03:01,8,0,0,0,0,0,0,1,1
1765882993.7832184,2025-12-16 11:03:13,8,0,0,0,0,0,0,1,1
1765883006.0185547,2025-12-16 11:03:26,8,0,0,0,0,0,0,1,1
1765883018.2396195,2025-12-16 11:03:38,8,0,0,0,0,0,0,1,1
1765883030.484014,2025-12-16 11:03:50,8,0,0,0,0,0,0,1,1
1765883042.6841366,2025-12-16 11:04:02,8,0,0,0,0,0,0,1,1
1765891218.9859118,2025-12-16 13:20:18,8,0,0,0,0,0,0,1,0
1765891258.7863193,2025-12-16 13:20:58,8,0,1,0,0,0,0,1,0
1765891270.9837904,2025-12-16 13:21:10,8,0,0,0,0,0,0,1,0
1765891283.1969347,2025-12-16 13:21:23,8,0,1,0,0,0,0,1,0
1765891295.4027903,2025-12-16 13:21:35,8,0,0,0,0,0,0,1,0
1765891307.597765,2025-12-16 13:21:47,8,0,0,0,0,0,0,1,0
1765891319.780135,2025-12-16 13:21:59,8,0,0,0,0,0,0,1,0
1765891331.9678557,2025-12-16 13:22:11,8,0,0,0,0,0,0,1,0
1765891344.1883092,2025-12-16 13:22:24,8,0,0,0,0,0,0,1,0
1765891356.4032001,2025-12-16 13:22:36,8,0,1,0,0,0,0,1,0
1765891368.6281848,2025-12-16 13:22:48,8,0,0,0,0,0,0,1,0
1765891380.8521714,2025-12-16 13:23:00,8,0,1,0,0,0,0,1,0
1765891393.035767,2025-12-16 13:23:13,8,0,0,0,0,0,0,1,0
1765891405.239581,2025-12-16 13:23:25,8,0,0,0,0,0,0,1,0
1765891417.4498968,2025-12-16 13:23:37,8,0,0,0,0,0,0,1,0
1765891429.6503067,2025-12-16 13:23:49,8,0,1,0,0,0,0,1,0
1765891441.9053848,2025-12-16 13:24:01,8,0,0,0,0,0,0,1,0
1765891454.077974,2025-12-16 13:24:14,8,0,0,0,0,0,0,1,0
1765891466.284383,2025-12-16 13:24:26,8,0,1,0,0,0,0,1,0
1765891478.4964695,2025-12-16 13:24:38,8,0,0,0,0,0,0,1,0
1765891490.699487,2025-12-16 13:24:50,8,0,0,0,0,0,0,1,0
1765891502.9260793,2025-12-16 13:25:02,8,0,1,0,0,0,0,1,0
1765891515.133493,2025-12-16 13:25:15,8,0,0,0,0,0,0,1,0
1765891527.3327184,2025-12-16 13:25:27,8,0,0,0,0,0,0,1,0
1765891539.5220156,2025-12-16 13:25:39,8,0,0,0,0,0,0,1,0
1765891551.75994,2025-12-16 13:25:51,8,0,0,0,0,0,0,1,0
1765891563.9595647,2025-12-16 13:26:03,8,0,0,0,0,0,0,1,0
1765891576.1924765,2025-12-16 13:26:16,8,0,0,0,0,0,0,1,0
1765891588.4081082,2025-12-16 13:26:28,8,0,1,0,0,0,0,1,0
1765891600.6303778,2025-12-16 13:26:40,8,0,1,0,0,0,0,1,0
1765891612.841255,2025-12-16 13:26:52,8,0,1,0,0,0,0,1,0
1765891625.0505629,2025-12-16 13:27:05,8,0,0,0,0,0,0,1,0
1765891637.2637923,2025-12-16 13:27:17,8,0,1,0,0,0,0,1,0
1765891649.4701304,2025-12-16 13:27:29,8,0,1,0,0,0,0,1,0
1765891661.673509,2025-12-16 13:27:41,8,0,1,0,0,0,0,1,0
1765891673.8639483,2025-12-16 13:27:53,8,0,0,0,0,0,0,1,0
1765891686.0788548,2025-12-16 13:28:06,8,0,0,0,0,0,0,1,0
1765891698.2874177,2025-12-16 13:28:18,8,0,1,0,0,0,0,1,0
1765891710.502067,2025-12-16 13:28:30,8,0,1,0,0,0,0,1,0
1765891722.7296338,2025-12-16 13:28:42,8,0,0,0,0,0,0,1,0
1765891734.920399,2025-12-16 13:28:54,8,0,0,0,0,0,0,1,0
1765891747.125696,2025-12-16 13:29:07,8,0,0,0,0,0,0,1,0
1765891759.317151,2025-12-16 13:29:19,8,0,1,0,0,0,0,1,0
1765891771.5196667,2025-12-16 13:29:31,8,0,0,0,0,0,0,1,0
1765891783.737494,2025-12-16 13:29:43,8,0,0,0,0,0,0,1,0
1765891795.9561791,2025-12-16 13:29:55,8,0,0,0,0,0,0,1,0
1765891808.2135189,2025-12-16 13:30:08,8,0,0,0,0,0,0,1,0
1765891820.4102583,2025-12-16 13:30:20,8,0,1,0,0,0,0,1,0
1765891832.594933,2025-12-16 13:30:32,8,0,0,0,0,0,0,1,0
1765891844.8203459,2025-12-16 13:30:44,8,0,0,0,0,0,0,1,0
1765891857.0313404,2025-12-16 13:30:57,8,0,0,0,0,0,0,1,0
1765891869.3600326,2025-12-16 13:31:09,8,0,0,0,0,0,0,1,0
1765891881.5641294,2025-12-16 13:31:21,8,0,0,0,0,0,0,1,0
1765891893.76221,2025-12-16 13:31:33,8,0,1,0,0,0,0,1,0
1765891905.9690444,2025-12-16 13:31:45,8,0,0,0,0,0,0,1,0
1765891918.195418,2025-12-16 13:31:58,8,0,0,0,0,0,0,1,0
1765891930.3837037,2025-12-16 13:32:10,8,0,0,0,0,0,0,1,0
1765891942.567729,2025-12-16 13:32:22,8,0,1,0,0,0,0,1,0
1765891954.773104,2025-12-16 13:32:34,8,0,0,0,0,0,0,1,0
1765891966.9873376,2025-12-16 13:32:46,8,0,0,0,0,0,0,1,0
1765891979.2000659,2025-12-16 13:32:59,8,0,0,0,0,0,0,1,0
1765891991.4071474,2025-12-16 13:33:11,8,0,0,0,0,0,0,1,0
1765892003.558559,2025-12-16 13:33:23,8,0,0,0,0,0,0,1,0
1765892015.712726,2025-12-16 13:33:35,8,0,0,0,0,0,0,1,0
1765892027.924286,2025-12-16 13:33:47,8,0,0,0,0,0,0,1,0
1765892040.12227,2025-12-16 13:34:00,8,0,0,0,0,0,0,1,0
1765892052.3263173,2025-12-16 13:34:12,8,0,1,0,0,0,0,1,0
1765892064.5340164,2025-12-16 13:34:24,8,0,0,0,0,0,0,1,0
1765892076.7701523,2025-12-16 13:34:36,8,0,0,0,0,0,0,1,0
1765892088.9729037,2025-12-16 13:34:48,8,0,0,0,0,0,0,1,0
1765892101.169152,2025-12-16 13:35:01,8,0,0,0,0,0,0,1,0
1765892113.3599398,2025-12-16 13:35:13,8,0,0,0,0,0,0,1,0
1765892125.5775483,2025-12-16 13:35:25,8,0,0,0,0,0,0,1,0
1765892137.7851417,2025-12-16 13:35:37,8,0,1,0,0,0,0,1,0
1765892149.9969356,2025-12-16 13:35:49,8,0,0,0,0,0,0,1,0
1765892162.2070587,2025-12-16 13:36:02,8,0,0,0,0,0,0,1,0
1765892174.4361646,2025-12-16 13:36:14,8,0,0,0,0,0,0,1,0
1765892186.6762578,2025-12-16 13:36:26,8,0,0,0,0,0,0,1,0
1765892198.8904846,2025-12-16 13:36:38,8,0,1,0,0,0,0,1,0
1765892211.1080384,2025-12-16 13:36:51,8,0,0,0,0,0,0,1,0
1765892223.3190346,2025-12-16 13:37:03,8,0,0,0,0,0,0,1,0
1765892235.5047262,2025-12-16 13:37:15,8,0,0,0,0,0,0,1,0
1765892247.747113,2025-12-16 13:37:27,8,0,0,0,0,0,0,1,0
1765892259.9542303,2025-12-16 13:37:39,8,0,0,0,0,0,0,1,0
1765892272.1583178,2025-12-16 13:37:52,8,0,0,0,0,0,0,1,0
1765892284.3425617,2025-12-16 13:38:04,8,0,0,0,0,0,0,1,0
1765892296.5450776,2025-12-16 13:38:16,8,0,0,0,0,0,0,1,0
1765892308.738808,2025-12-16 13:38:28,8,0,0,0,0,0,0,1,0
1765892320.9437556,2025-12-16 13:38:40,8,0,0,0,0,0,0,1,0
1765892333.1753583,2025-12-16 13:38:53,8,0,0,0,0,0,0,1,0
1765892345.3725398,2025-12-16 13:39:05,8,0,1,0,0,0,0,1,0
1765892357.561487,2025-12-16 13:39:17,8,0,1,0,0,0,0,1,0
1765892369.7715864,2025-12-16 13:39:29,8,0,0,0,0,0,0,1,0
1765892381.9766324,2025-12-16 13:39:41,8,0,0,0,0,0,0,1,0
1765892394.1756623,2025-12-16 13:39:54,8,0,0,0,0,0,0,1,0
1765892406.3804688,2025-12-16 13:40:06,8,0,0,0,0,0,0,1,0
1765892418.5634928,2025-12-16 13:40:18,8,0,1,0,0,0,0,1,0
1765892430.734126,2025-12-16 13:40:30,8,0,0,0,0,0,0,1,0
1765892442.9101515,2025-12-16 13:40:42,8,0,0,0,0,0,0,1,0
1765892455.1061099,2025-12-16 13:40:55,8,0,1,0,0,0,0,1,0
1765892467.313557,2025-12-16 13:41:07,8,0,1,0,0,0,0,1,0
1765892479.5567493,2025-12-16 13:41:19,8,0,0,0,0,0,0,1,0
1765892491.7899883,2025-12-16 13:41:31,8,0,0,0,0,0,0,1,0
1765892503.9909382,2025-12-16 13:41:43,8,0,0,0,0,0,0,1,0
1765892516.1928005,2025-12-16 13:41:56,8,0,0,0,0,0,0,1,0
1765892528.4072394,2025-12-16 13:42:08,8,0,0,0,0,0,0,1,0
1765892540.623999,2025-12-16 13:42:20,8,0,1,0,0,0,0,1,0
1765892552.844054,2025-12-16 13:42:32,8,0,0,0,0,0,0,1,0
1765892565.0261416,2025-12-16 13:42:45,8,0,0,0,0,0,0,1,0
1765892577.2288878,2025-12-16 13:42:57,8,0,0,0,0,0,0,1,0
1765892589.4392478,2025-12-16 13:43:09,8,0,0,0,0,0,0,1,0
1765892601.6568503,2025-12-16 13:43:21,8,0,0,0,0,0,0,1,0
1765892613.8627863,2025-12-16 13:43:33,8,0,1,0,0,0,0,1,0
1765892626.11705,2025-12-16 13:43:46,8,0,0,0,0,0,0,1,0
1765892638.354719,2025-12-16 13:43:58,8,0,1,0,0,0,0,1,0
1765892650.5413604,2025-12-16 13:44:10,8,0,0,0,0,0,0,1,0
1765892662.7216911,2025-12-16 13:44:22,8,0,0,0,0,0,0,1,0
1765892674.9241018,2025-12-16 13:44:34,8,0,0,0,0,0,0,1,0
1765892687.1404345,2025-12-16 13:44:47,8,0,0,0,0,0,0,1,0
1765892699.352635,2025-12-16 13:44:59,8,0,1,0,0,0,0,1,0
1765892711.5649426,2025-12-16 13:45:11,8,0,0,0,0,0,0,1,0
1765892723.760944,2025-12-16 13:45:23,8,0,1,0,0,0,0,1,0
1765892735.9658506,2025-12-16 13:45:35,8,0,0,0,0,0,0,1,0
1765892748.1726005,2025-12-16 13:45:48,8,0,0,0,0,0,0,1,0
1765892760.400289,2025-12-16 13:46:00,8,0,1,0,0,0,0,1,0
1765892772.599223,2025-12-16 13:46:12,8,0,0,0,0,0,0,1,0
1765892784.8382201,2025-12-16 13:46:24,8,0,1,0,0,0,0,1,0
1765892797.0490124,2025-12-16 13:46:37,8,0,0,0,0,0,0,1,0
1765892809.260039,2025-12-16 13:46:49,8,0,0,0,0,0,0,1,0
1765892821.4553854,2025-12-16 13:47:01,8,0,0,0,0,0,0,1,0
1765892833.657634,2025-12-16 13:47:13,8,0,0,0,0,0,0,1,0
1765892845.8615704,2025-12-16 13:47:25,8,0,0,0,0,0,0,1,0
1765892858.0653582,2025-12-16 13:47:38,8,0,1,0,0,0,0,1,0
1765892870.2700584,2025-12-16 13:47:50,8,0,0,0,0,0,0,1,0
1765892882.4703507,2025-12-16 13:48:02,8,0,0,0,0,0,0,1,0
1765892894.8900113,2025-12-16 13:48:14,8,0,0,0,0,0,0,1,0
1765892907.1230798,2025-12-16 13:48:27,8,0,1,0,0,0,0,1,0
1765892919.3219972,2025-12-16 13:48:39,8,0,1,0,0,0,0,1,0
1765892931.566086,2025-12-16 13:48:51,8,0,0,0,0,0,0,1,0
1765892943.7901492,2025-12-16 13:49:03,8,0,1,0,0,0,0,1,0
1765892955.988984,2025-12-16 13:49:15,8,0,0,0,0,0,0,1,0
1765892968.1922774,2025-12-16 13:49:28,8,0,0,0,0,0,0,1,0
1765892980.3952456,2025-12-16 13:49:40,8,0,0,0,0,0,0,1,0
1765892992.5844004,2025-12-16 13:49:52,8,0,0,0,0,0,0,1,0
1765893004.7887816,2025-12-16 13:50:04,8,0,0,0,0,0,0,1,0
1765893016.9751565,2025-12-16 13:50:16,8,0,1,0,0,0,0,1,0
1765893029.1905441,2025-12-16 13:50:29,8,0,0,0,0,0,0,1,0
1765893041.4073098,2025-12-16 13:50:41,8,0,0,0,0,0,0,1,0
1765893053.5902703,2025-12-16 13:50:53,8,0,0,0,0,0,0,1,0
1765893065.800752,2025-12-16 13:51:05,8,0,0,0,0,0,0,1,0
1765893078.007849,2025-12-16 13:51:18,8,0,0,0,0,0,0,1,0
1765893090.2670772,2025-12-16 13:51:30,8,0,0,0,0,0,0,1,0
1765893102.477973,2025-12-16 13:51:42,8,0,1,0,0,0,0,1,0
1765893114.6999552,2025-12-16 13:51:54,8,0,0,0,0,0,0,1,0
1765893126.8996465,2025-12-16 13:52:06,8,0,0,0,0,0,0,1,0
1765893139.0914688,2025-12-16 13:52:19,8,0,1,0,0,0,0,1,0
1765893151.2804632,2025-12-16 13:52:31,8,0,0,0,0,0,0,1,0
1765893163.4872184,2025-12-16 13:52:43,8,0,0,0,0,0,0,1,0
1765893175.6870668,2025-12-16 13:52:55,8,0,0,0,0,0,0,1,0
1765893187.8941183,2025-12-16 13:53:07,8,0,0,0,0,0,0,1,0
1765893200.0950596,2025-12-16 13:53:20,8,0,0,0,0,0,0,1,0
1765893212.3069782,2025-12-16 13:53:32,8,0,0,0,0,0,0,1,0
1765893224.4843795,2025-12-16 13:53:44,8,0,0,0,0,0,0,1,0
1765893236.6533287,2025-12-16 13:53:56,8,0,0,0,0,0,0,1,0
1765893248.8591354,2025-12-16 13:54:08,8,0,0,0,0,0,0,1,0
1765893261.0788608,2025-12-16 13:54:21,8,0,0,0,0,0,0,1,0
