alarm_tag,fault_class,mode,precision,recall,f1,d_precision,d_recall,d_f1,test_positives
engine/alarm_bottle_outlet_pipe_low_pressure,F00,shift+12.5s,0.2717023675310034,1.0,0.42730496453900707,-0.0011273957158962622,0.0,-0.001392998259930056,241
engine/alarm_bottle_outlet_pipe_low_pressure,F00,flip10%,0.2615558060879369,1.0,0.41465594280607687,-0.011273957158962788,0.0,-0.014042019992860255,232
engine/alarm_cylinder_exhaust_temperature_high_2,F10,shift+12.5s,0.27282976324689967,1.0,0.4286979627989371,0.0,0.0,0.0,242
engine/alarm_cylinder_exhaust_temperature_high_2,F10,flip10%,0.02705749718151071,1.0,0.052689352360043906,-0.24577226606538896,0.0,-0.3760086104388932,24
engine/alarm_embedded_host_telegraph_power_failure,F11,shift+12.5s,0.27282976324689967,1.0,0.4286979627989371,0.0,0.0,0.0,242
engine/alarm_embedded_host_telegraph_power_failure,F11,flip10%,0.31228861330326946,1.0,0.47594501718213056,0.03945885005636979,0.0,0.04724705438319343,277
engine/alarm_engine_room_a_high_level,F00,shift+12.5s,0.27395715896279593,1.0,0.4300884955752212,0.0011273957158962622,0.0,0.0013905327762840924,243
engine/alarm_engine_room_a_high_level,F00,flip10%,0.007891770011273957,1.0,0.015659955257270694,-0.2649379932356257,0.0,-0.4130380075416664,7
engine/alarm_fire_alarm_controller_fire,F12,shift+12.5s,0.27282976324689967,1.0,0.4286979627989371,0.0,0.0,0.0,242
engine/alarm_fire_alarm_controller_fire,F12,flip10%,0.02142051860202931,1.0,0.04194260485651214,-0.25140924464487036,0.0,-0.386755357942425,19
engine/alarm_generator_1_comprehensive_alarm,F06,shift+12.5s,0.27282976324689967,1.0,0.4286979627989371,0.0,0.0,0.0,242
engine/alarm_generator_1_comprehensive_alarm,F06,flip10%,0.2717023675310034,1.0,0.42730496453900707,-0.0011273957158962622,0.0,-0.001392998259930056,241
engine/alarm_generator_2_comprehensive_alarm,F06,shift+12.5s,0.27282976324689967,1.0,0.4286979627989371,0.0,0.0,0.0,242
engine/alarm_generator_2_comprehensive_alarm,F06,flip10%,0.02593010146561443,1.0,0.05054945054945055,-0.24689966178128525,0.0,-0.3781485122494866,23
engine/alarm_grey_water_tank_high_level,F00,shift+12.5s,0.27282976324689967,1.0,0.4286979627989371,0.0,0.0,0.0,242
engine/alarm_grey_water_tank_high_level,F00,flip10%,0.02705749718151071,1.0,0.052689352360043906,-0.24577226606538896,0.0,-0.3760086104388932,24
engine/alarm_main_engine_1_comprehensive_fault,F00,shift+12.5s,0.27282976324689967,1.0,0.4286979627989371,0.0,0.0,0.0,242
engine/alarm_main_engine_1_comprehensive_fault,F00,flip10%,0.02818489289740699,1.0,0.05482456140350877,-0.24464487034949267,0.0,-0.37387340139542835,25
engine/alarm_main_engine_1_ecu_communication_timeout,F11,shift+12.5s,0.2717023675310034,1.0,0.42730496453900707,-0.0011273957158962622,0.0,-0.001392998259930056,241
engine/alarm_main_engine_1_ecu_communication_timeout,F11,flip10%,0.0,0.0,0.0,-0.27282976324689967,-1.0,-0.4286979627989371,0
engine/alarm_main_engine_1_lube_oil_filter_pressure_high,F02,shift+12.5s,0.27282976324689967,1.0,0.4286979627989371,0.0,0.0,0.0,242
engine/alarm_main_engine_1_lube_oil_filter_pressure_high,F02,flip10%,0.03156708004509583,1.0,0.06120218579234973,-0.24126268320180383,0.0,-0.3674957770065874,28
engine/alarm_main_engine_1_main_bearing_temperature_monitoring_module_communication_timeout,F11,shift+12.5s,0.27395715896279593,1.0,0.4300884955752212,0.0011273957158962622,0.0,0.0013905327762840924,243
engine/alarm_main_engine_1_main_bearing_temperature_monitoring_module_communication_timeout,F11,flip10%,0.2593010146561443,1.0,0.41181736794986573,-0.013528748590755368,0.0,-0.016880594849071395,230
engine/alarm_main_engine_1_post_fuel_pressure_sensor_fault,F11,shift+12.5s,0.27282976324689967,1.0,0.4286979627989371,0.0,0.0,0.0,242
engine/alarm_main_engine_1_post_fuel_pressure_sensor_fault,F11,flip10%,0.013528748590755355,1.0,0.026696329254727477,-0.2593010146561443,0.0,-0.40200163354420965,12
engine/alarm_main_engine_1_secondary_comprehensive_alarm,F00,shift+12.5s,0.27282976324689967,1.0,0.4286979627989371,0.0,0.0,0.0,242
engine/alarm_main_engine_1_secondary_comprehensive_alarm,F00,flip10%,0.03156708004509583,1.0,0.06120218579234973,-0.24126268320180383,0.0,-0.3674957770065874,28
engine/alarm_main_engine_2_comprehensive_fault,F00,shift+12.5s,0.27282976324689967,1.0,0.4286979627989371,0.0,0.0,0.0,242
engine/alarm_main_engine_2_comprehensive_fault,F00,flip10%,0.02480270574971815,1.0,0.0484048404840484,-0.2480270574971815,0.0,-0.3802931223148887,22
engine/alarm_main_engine_2_cylinder_exhaust_temperature_high_a10,F10,shift+12.5s,0.27282976324689967,1.0,0.4286979627989371,0.0,0.0,0.0,242
engine/alarm_main_engine_2_cylinder_exhaust_temperature_high_a10,F10,flip10%,0.02142051860202931,1.0,0.04194260485651214,-0.25140924464487036,0.0,-0.386755357942425,19
engine/alarm_main_engine_2_cylinder_exhaust_temperature_high_a7,F10,shift+12.5s,0.27282976324689967,1.0,0.4286979627989371,0.0,0.0,0.0,242
engine/alarm_main_engine_2_cylinder_exhaust_temperature_high_a7,F10,flip10%,0.02593010146561443,1.0,0.05054945054945055,-0.24689966178128525,0.0,-0.3781485122494866,23
engine/alarm_main_engine_2_cylinder_exhaust_temperature_high_a8,F10,shift+12.5s,0.27282976324689967,1.0,0.4286979627989371,0.0,0.0,0.0,242
engine/alarm_main_engine_2_cylinder_exhaust_temperature_high_a8,F10,flip10%,0.02142051860202931,1.0,0.04194260485651214,-0.25140924464487036,0.0,-0.386755357942425,19
engine/alarm_main_engine_2_cylinder_exhaust_temperature_high_b1,F10,shift+12.5s,0.27282976324689967,1.0,0.4286979627989371,0.0,0.0,0.0,242
engine/alarm_main_engine_2_cylinder_exhaust_temperature_high_b1,F10,flip10%,0.02254791431792559,1.0,0.044101433296582136,-0.2502818489289741,0.0,-0.384596529502355,20
engine/alarm_main_engine_2_cylinder_exhaust_temperature_high_b4,F10,shift+12.5s,0.27282976324689967,1.0,0.4286979627989371,0.0,0.0,0.0,242
engine/alarm_main_engine_2_cylinder_exhaust_temperature_high_b4,F10,flip10%,0.02705749718151071,1.0,0.052689352360043906,-0.24577226606538896,0.0,-0.3760086104388932,24
engine/alarm_main_engine_2_cylinder_exhaust_temperature_high_b6,F10,shift+12.5s,0.27282976324689967,1.0,0.4286979627989371,0.0,0.0,0.0,242
engine/alarm_main_engine_2_cylinder_exhaust_temperature_high_b6,F10,flip10%,0.029312288613303268,1.0,0.056955093099671415,-0.2435174746335964,0.0,-0.37174286969926573,26
engine/alarm_main_engine_2_main_bearing_temperature_monitoring_module_communication_timeout,F11,shift+12.5s,0.27282976324689967,1.0,0.4286979627989371,0.0,0.0,0.0,242
engine/alarm_main_engine_2_main_bearing_temperature_monitoring_module_communication_timeout,F11,flip10%,0.2491544532130778,1.0,0.3989169675090253,-0.023675310033821867,0.0,-0.02978099528991185,221
engine/alarm_main_engine_2_post_fuel_pressure_sensor_fault,F11,shift+12.5s,0.27282976324689967,1.0,0.4286979627989371,0.0,0.0,0.0,242
engine/alarm_main_engine_2_post_fuel_pressure_sensor_fault,F11,flip10%,0.020293122886133032,1.0,0.039779005524861875,-0.2525366403607666,0.0,-0.38891895727407527,18
engine/alarm_main_engine_2_secondary_comprehensive_alarm,F00,shift+12.5s,0.27282976324689967,1.0,0.4286979627989371,0.0,0.0,0.0,242
engine/alarm_main_engine_2_secondary_comprehensive_alarm,F00,flip10%,0.02367531003382187,1.0,0.046255506607929514,-0.2491544532130778,0.0,-0.3824424561910076,21
